Academic Year,County Code,District Code,School Code,County Name,District Name,School Name,Charter School,DASS (high-risk),Reporting Category,Eligible Cumulative Enrollment,Count of Students with One or More Absences,Average Days Absent,Total Days Absent,Excused Absences (percent),Unexcused Absences (percent),Out-of-School Suspension Absences (percent),Incomplete Independent Study Absences (percent),Excused Absences (count),Unexcused Absences (count),Out-of-School Suspension Absences (count),Incomplete Independent Study Absences (count)
2017-18,5,61580,6088975,Calaveras,Vallecito Union,Albert A. Michelson Elementary,No ,No ,Not Chronically Absent,213,202,6.7,1363,75.9,24.1,0,0,1035,328,0,0
2017-18,5,61580,6088975,Calaveras,Vallecito Union,Albert A. Michelson Elementary,No ,No ,Chronically Absent,19,19,19.3,367,82.8,17.2,0,0,304,63,0,0
2017-18,5,61580,6088975,Calaveras,Vallecito Union,Albert A. Michelson Elementary,No ,No ,Female,114,109,7.1,769,75.6,24.4,0,0,581,188,0,0
2017-18,5,61580,6088975,Calaveras,Vallecito Union,Albert A. Michelson Elementary,No ,No ,Male,118,112,8.6,961,78.9,21.1,0,0,758,203,0,0
2017-18,5,61580,6088975,Calaveras,Vallecito Union,Albert A. Michelson Elementary,No ,No ,Grades 1-3,112,107,8.1,871,78.3,21.7,0,0,682,189,0,0
2017-18,5,61580,6088975,Calaveras,Vallecito Union,Albert A. Michelson Elementary,No ,No ,Kindergarten,46,45,8,361,74.8,25.2,0,0,270,91,0,0
2017-18,5,61580,6088975,Calaveras,Vallecito Union,Albert A. Michelson Elementary,No ,No ,Asian,*,*,*,*,*,*,*,*,*,*,*,*
2017-18,5,61580,6088975,Calaveras,Vallecito Union,Albert A. Michelson Elementary,No ,No ,African American,*,*,*,*,*,*,*,*,*,*,*,*
2017-18,5,61580,6088975,Calaveras,Vallecito Union,Albert A. Michelson Elementary,No ,No ,Did not Report,*,*,*,*,*,*,*,*,*,*,*,*
2017-18,5,61580,6088975,Calaveras,Vallecito Union,Albert A. Michelson Elementary,No ,No ,Filipino,*,*,*,*,*,*,*,*,*,*,*,*
2017-18,5,61580,6088975,Calaveras,Vallecito Union,Albert A. Michelson Elementary,No ,No ,Hispanic or Latino,47,44,5.6,247,78.9,21.1,0,0,195,52,0,0
2017-18,5,61580,6088975,Calaveras,Vallecito Union,Albert A. Michelson Elementary,No ,No ,American Indian or Alaska Native,*,*,*,*,*,*,*,*,*,*,*,*
2017-18,5,61580,6088975,Calaveras,Vallecito Union,Albert A. Michelson Elementary,No ,No ,Pacific Islander,*,*,*,*,*,*,*,*,*,*,*,*
2017-18,5,61580,6088975,Calaveras,Vallecito Union,Albert A. Michelson Elementary,No ,No ,Two or More Races,18,18,10.2,183,80.3,19.7,0,0,147,36,0,0
2017-18,5,61580,6088975,Calaveras,Vallecito Union,Albert A. Michelson Elementary,No ,No ,White,159,151,8.2,1243,77,23,0,0,957,286,0,0
2017-18,5,61580,6088975,Calaveras,Vallecito Union,Albert A. Michelson Elementary,No ,No ,Students with Disabilities,38,37,9.7,360,81.1,18.9,0,0,292,68,0,0
2017-18,5,61580,6088975,Calaveras,Vallecito Union,Albert A. Michelson Elementary,No ,No ,Socioeconomically Disadvantaged,133,125,7,876,75.2,24.8,0,0,659,217,0,0
2017-18,5,61580,6088975,Calaveras,Vallecito Union,Albert A. Michelson Elementary,No ,No ,Total,232,221,7.8,1730,77.4,22.6,0,0,1339,391,0,0
2022-23,5,61580,6088975,Calaveras,Vallecito Union,Albert A. Michelson Elementary,No ,No ,Not Chronically Absent,118,118,11,1293,78.2,21.8,0,0,1011,282,0,0
2022-23,5,61580,6088975,Calaveras,Vallecito Union,Albert A. Michelson Elementary,No ,No ,Chronically Absent,102,102,25,2551,77.7,22.3,0,0,1981,570,0,0
2022-23,5,61580,6088975,Calaveras,Vallecito Union,Albert A. Michelson Elementary,No ,No ,Female,103,103,17.4,1796,78.3,21.7,0,0,1406,390,0,0
2022-23,5,61580,6088975,Calaveras,Vallecito Union,Albert A. Michelson Elementary,No ,No ,Male,117,117,17.5,2048,77.4,22.6,0,0,1586,462,0,0
2022-23,5,61580,6088975,Calaveras,Vallecito Union,Albert A. Michelson Elementary,No ,No ,Grades 1-3,103,103,17.6,1808,78.2,21.8,0,0,1414,394,0,0
2022-23,5,61580,6088975,Calaveras,Vallecito Union,Albert A. Michelson Elementary,No ,No ,Kindergarten,46,46,20.8,957,82,18,0,0,785,172,0,0
2022-23,5,61580,6088975,Calaveras,Vallecito Union,Albert A. Michelson Elementary,No ,No ,Asian,*,*,*,*,*,*,*,*,*,*,*,*
2022-23,5,61580,6088975,Calaveras,Vallecito Union,Albert A. Michelson Elementary,No ,No ,African American,*,*,*,*,*,*,*,*,*,*,*,*
2022-23,5,61580,6088975,Calaveras,Vallecito Union,Albert A. Michelson Elementary,No ,No ,Did not Report,*,*,*,*,*,*,*,*,*,*,*,*
2022-23,5,61580,6088975,Calaveras,Vallecito Union,Albert A. Michelson Elementary,No ,No ,Filipino,*,*,*,*,*,*,*,*,*,*,*,*
2022-23,5,61580,6088975,Calaveras,Vallecito Union,Albert A. Michelson Elementary,No ,No ,Hispanic or Latino,43,43,18.7,802,76.1,23.9,0,0,610,192,0,0
2022-23,5,61580,6088975,Calaveras,Vallecito Union,Albert A. Michelson Elementary,No ,No ,American Indian or Alaska Native,*,*,*,*,*,*,*,*,*,*,*,*
2022-23,5,61580,6088975,Calaveras,Vallecito Union,Albert A. Michelson Elementary,No ,No ,Pacific Islander,*,*,*,*,*,*,*,*,*,*,*,*
2022-23,5,61580,6088975,Calaveras,Vallecito Union,Albert A. Michelson Elementary,No ,No ,Two or More Races,*,*,*,*,*,*,*,*,*,*,*,*
2022-23,5,61580,6088975,Calaveras,Vallecito Union,Albert A. Michelson Elementary,No ,No ,White,152,152,17.1,2598,79.3,20.7,0,0,2060,538,0,0
2022-23,5,61580,6088975,Calaveras,Vallecito Union,Albert A. Michelson Elementary,No ,No ,Students with Disabilities,31,31,18.3,567,82.5,17.5,0,0,468,99,0,0
2022-23,5,61580,6088975,Calaveras,Vallecito Union,Albert A. Michelson Elementary,No ,No ,Socioeconomically Disadvantaged,116,116,17.9,2079,76.1,23.9,0,0,1583,496,0,0
2022-23,5,61580,6088975,Calaveras,Vallecito Union,Albert A. Michelson Elementary,No ,No ,Total,220,220,17.5,3844,77.8,22.2,0,0,2992,852,0,0
2017-18,5,61580,6111884,Calaveras,Vallecito Union,Avery Middle,No ,No ,Not Chronically Absent,192,176,6.4,1131,72.6,24,3.4,0,821,271,39,0
2017-18,5,61580,6111884,Calaveras,Vallecito Union,Avery Middle,No ,No ,Chronically Absent,16,16,19.6,313,71.9,20.4,7.7,0,225,64,24,0
2017-18,5,61580,6111884,Calaveras,Vallecito Union,Avery Middle,No ,No ,Female,115,105,7.4,778,76.5,21.2,2.3,0,595,165,18,0
2017-18,5,61580,6111884,Calaveras,Vallecito Union,Avery Middle,No ,No ,Male,93,87,7.7,666,67.7,25.5,6.8,0,451,170,45,0
2017-18,5,61580,6111884,Calaveras,Vallecito Union,Avery Middle,No ,No ,Asian,*,*,*,*,*,*,*,*,*,*,*,*
2017-18,5,61580,6111884,Calaveras,Vallecito Union,Avery Middle,No ,No ,African American,*,*,*,*,*,*,*,*,*,*,*,*
2017-18,5,61580,6111884,Calaveras,Vallecito Union,Avery Middle,No ,No ,Did not Report,*,*,*,*,*,*,*,*,*,*,*,*
2017-18,5,61580,6111884,Calaveras,Vallecito Union,Avery Middle,No ,No ,Filipino,*,*,*,*,*,*,*,*,*,*,*,*
2017-18,5,61580,6111884,Calaveras,Vallecito Union,Avery Middle,No ,No ,Hispanic or Latino,37,33,7.2,237,62,29.1,8.9,0,147,69,21,0
2017-18,5,61580,6111884,Calaveras,Vallecito Union,Avery Middle,No ,No ,American Indian or Alaska Native,*,*,*,*,*,*,*,*,*,*,*,*
2017-18,5,61580,6111884,Calaveras,Vallecito Union,Avery Middle,No ,No ,Pacific Islander,*,*,*,*,*,*,*,*,*,*,*,*
2017-18,5,61580,6111884,Calaveras,Vallecito Union,Avery Middle,No ,No ,Two or More Races,14,13,6,78,74.4,24.4,1.3,0,58,19,1,0
2017-18,5,61580,6111884,Calaveras,Vallecito Union,Avery Middle,No ,No ,White,151,140,7.7,1076,74.7,21.9,3.3,0,804,236,36,0
2017-18,5,61580,6111884,Calaveras,Vallecito Union,Avery Middle,No ,No ,Students with Disabilities,35,33,8.2,269,72.5,23,4.5,0,195,62,12,0
2017-18,5,61580,6111884,Calaveras,Vallecito Union,Avery Middle,No ,No ,Socioeconomically Disadvantaged,101,90,8.3,744,69.1,25.3,5.6,0,514,188,42,0
2017-18,5,61580,6111884,Calaveras,Vallecito Union,Avery Middle,No ,No ,Total,208,192,7.5,1444,72.4,23.2,4.4,0,1046,335,63,0
2022-23,5,61580,6111884,Calaveras,Vallecito Union,Avery Middle,No ,No ,Not Chronically Absent,151,151,9,1363,66.7,31.8,1.5,0,909,434,20,0
2022-23,5,61580,6111884,Calaveras,Vallecito Union,Avery Middle,No ,No ,Chronically Absent,52,52,27.9,1453,71.6,24,4.3,0,1041,349,63,0
2022-23,5,61580,6111884,Calaveras,Vallecito Union,Avery Middle,No ,No ,Female,105,105,13.6,1426,69.7,28.1,2.2,0,994,401,31,0
2022-23,5,61580,6111884,Calaveras,Vallecito Union,Avery Middle,No ,No ,Male,98,98,14.2,1390,68.8,27.5,3.7,0,956,382,52,0
2022-23,5,61580,6111884,Calaveras,Vallecito Union,Avery Middle,No ,No ,Asian,*,*,*,*,*,*,*,*,*,*,*,*
2022-23,5,61580,6111884,Calaveras,Vallecito Union,Avery Middle,No ,No ,African American,*,*,*,*,*,*,*,*,*,*,*,*
2022-23,5,61580,6111884,Calaveras,Vallecito Union,Avery Middle,No ,No ,Did not Report,*,*,*,*,*,*,*,*,*,*,*,*
2022-23,5,61580,6111884,Calaveras,Vallecito Union,Avery Middle,No ,No ,Filipino,*,*,*,*,*,*,*,*,*,*,*,*
2022-23,5,61580,6111884,Calaveras,Vallecito Union,Avery Middle,No ,No ,Hispanic or Latino,47,47,12.8,603,69.8,27.2,3,0,421,164,18,0
2022-23,5,61580,6111884,Calaveras,Vallecito Union,Avery Middle,No ,No ,American Indian or Alaska Native,*,*,*,*,*,*,*,*,*,*,*,*
2022-23,5,61580,6111884,Calaveras,Vallecito Union,Avery Middle,No ,No ,Pacific Islander,*,*,*,*,*,*,*,*,*,*,*,*
2022-23,5,61580,6111884,Calaveras,Vallecito Union,Avery Middle,No ,No ,Two or More Races,11,11,9.3,102,77.5,22.5,0,0,79,23,0,0
2022-23,5,61580,6111884,Calaveras,Vallecito Union,Avery Middle,No ,No ,White,141,141,14.6,2063,68.5,28.3,3.2,0,1414,584,65,0
2022-23,5,61580,6111884,Calaveras,Vallecito Union,Avery Middle,No ,No ,Students with Disabilities,30,30,20.9,627,76.1,20.7,3.2,0,477,130,20,0
2022-23,5,61580,6111884,Calaveras,Vallecito Union,Avery Middle,No ,No ,Socioeconomically Disadvantaged,137,137,14.2,1941,67.7,28.4,3.8,0,1315,552,74,0
2022-23,5,61580,6111884,Calaveras,Vallecito Union,Avery Middle,No ,No ,Total,203,203,13.9,2816,69.2,27.8,2.9,0,1950,783,83,0
2017-18,5,61556,532507,Calaveras,Bret Harte Union High,Bret Harte Union High,No ,No ,Not Chronically Absent,585,537,6.5,3477,70.4,25.7,3.9,0,2449,892,136,0
2017-18,5,61556,532507,Calaveras,Bret Harte Union High,Bret Harte Union High,No ,No ,Chronically Absent,81,81,23.3,1888,36.7,59.1,4.2,0,693,1116,79,0
2017-18,5,61556,532507,Calaveras,Bret Harte Union High,Bret Harte Union High,No ,No ,Female,326,305,8.2,2486,62.1,36.1,1.8,0,1545,897,44,0
2017-18,5,61556,532507,Calaveras,Bret Harte Union High,Bret Harte Union High,No ,No ,Male,340,313,9.2,2879,55.5,38.6,5.9,0,1597,1111,171,0
2017-18,5,61556,532507,Calaveras,Bret Harte Union High,Bret Harte Union High,No ,No ,Asian,*,*,*,*,*,*,*,*,*,*,*,*
2017-18,5,61556,532507,Calaveras,Bret Harte Union High,Bret Harte Union High,No ,No ,African American,*,*,*,*,*,*,*,*,*,*,*,*
2017-18,5,61556,532507,Calaveras,Bret Harte Union High,Bret Harte Union High,No ,No ,Did not Report,*,*,*,*,*,*,*,*,*,*,*,*
2017-18,5,61556,532507,Calaveras,Bret Harte Union High,Bret Harte Union High,No ,No ,Filipino,*,*,*,*,*,*,*,*,*,*,*,*
2017-18,5,61556,532507,Calaveras,Bret Harte Union High,Bret Harte Union High,No ,No ,Hispanic or Latino,140,125,9.2,1156,50.8,44.5,4.8,0,587,514,55,0
2017-18,5,61556,532507,Calaveras,Bret Harte Union High,Bret Harte Union High,No ,No ,American Indian or Alaska Native,*,*,*,*,*,*,*,*,*,*,*,*
2017-18,5,61556,532507,Calaveras,Bret Harte Union High,Bret Harte Union High,No ,No ,Pacific Islander,*,*,*,*,*,*,*,*,*,*,*,*
2017-18,5,61556,532507,Calaveras,Bret Harte Union High,Bret Harte Union High,No ,No ,Two or More Races,37,34,12.6,429,34.5,62.7,2.8,0,148,269,12,0
2017-18,5,61556,532507,Calaveras,Bret Harte Union High,Bret Harte Union High,No ,No ,White,468,442,8.2,3636,64,32.1,3.9,0,2327,1167,142,0
2017-18,5,61556,532507,Calaveras,Bret Harte Union High,Bret Harte Union High,No ,No ,Students with Disabilities,121,118,15.3,1810,41.2,52.7,6.1,0,746,953,111,0
2017-18,5,61556,532507,Calaveras,Bret Harte Union High,Bret Harte Union High,No ,No ,Socioeconomically Disadvantaged,291,272,9.9,2686,50.8,43.8,5.4,0,1365,1177,144,0
2017-18,5,61556,532507,Calaveras,Bret Harte Union High,Bret Harte Union High,No ,No ,Total,666,618,8.7,5365,58.6,37.4,4,0,3142,2008,215,0
2022-23,5,61556,532507,Calaveras,Bret Harte Union High,Bret Harte Union High,No ,No ,Not Chronically Absent,487,464,7.4,3425,67.8,31.2,1,0,2322,1068,35,0
2022-23,5,61556,532507,Calaveras,Bret Harte Union High,Bret Harte Union High,No ,No ,Chronically Absent,114,114,27.8,3174,35.9,62.9,1.2,0,1138,1997,39,0
2022-23,5,61556,532507,Calaveras,Bret Harte Union High,Bret Harte Union High,No ,No ,Female,323,309,12.5,3850,52.5,46.8,0.6,0,2023,1802,25,0
2022-23,5,61556,532507,Calaveras,Bret Harte Union High,Bret Harte Union High,No ,No ,Male,277,268,10.2,2730,52.3,45.9,1.8,0,1427,1254,49,0
2022-23,5,61556,532507,Calaveras,Bret Harte Union High,Bret Harte Union High,No ,No ,Asian,*,*,*,*,*,*,*,*,*,*,*,*
2022-23,5,61556,532507,Calaveras,Bret Harte Union High,Bret Harte Union High,No ,No ,African American,*,*,*,*,*,*,*,*,*,*,*,*
2022-23,5,61556,532507,Calaveras,Bret Harte Union High,Bret Harte Union High,No ,No ,Did not Report,*,*,*,*,*,*,*,*,*,*,*,*
2022-23,5,61556,532507,Calaveras,Bret Harte Union High,Bret Harte Union High,No ,No ,Filipino,*,*,*,*,*,*,*,*,*,*,*,*
2022-23,5,61556,532507,Calaveras,Bret Harte Union High,Bret Harte Union High,No ,No ,Hispanic or Latino,143,134,11,1470,49.9,48.4,1.7,0,733,712,25,0
2022-23,5,61556,532507,Calaveras,Bret Harte Union High,Bret Harte Union High,No ,No ,American Indian or Alaska Native,*,*,*,*,*,*,*,*,*,*,*,*
2022-23,5,61556,532507,Calaveras,Bret Harte Union High,Bret Harte Union High,No ,No ,Pacific Islander,*,*,*,*,*,*,*,*,*,*,*,*
2022-23,5,61556,532507,Calaveras,Bret Harte Union High,Bret Harte Union High,No ,No ,Two or More Races,29,29,13.5,392,40.8,58.9,0.3,0,160,231,1,0
2022-23,5,61556,532507,Calaveras,Bret Harte Union High,Bret Harte Union High,No ,No ,White,412,398,11.4,4555,54.4,44.6,1.1,0,2476,2031,48,0
2022-23,5,61556,532507,Calaveras,Bret Harte Union High,Bret Harte Union High,No ,No ,Students with Disabilities,93,89,14.7,1312,55.2,43.7,1.1,0,724,573,15,0
2022-23,5,61556,532507,Calaveras,Bret Harte Union High,Bret Harte Union High,No ,No ,Socioeconomically Disadvantaged,288,275,13.1,3589,46.4,52,1.6,0,1664,1866,59,0
2022-23,5,61556,532507,Calaveras,Bret Harte Union High,Bret Harte Union High,No ,No ,Total,601,578,11.4,6599,52.4,46.4,1.1,0,3460,3065,74,0
2017-18,5,10058,6077150,Calaveras,Calaveras County Office of Education,Calaveras County Special Education (SELPA),No ,Yes,Not Chronically Absent,*,*,*,*,*,*,*,*,*,*,*,*
2017-18,5,10058,6077150,Calaveras,Calaveras County Office of Education,Calaveras County Special Education (SELPA),No ,Yes,Chronically Absent,*,*,*,*,*,*,*,*,*,*,*,*
2017-18,5,10058,6077150,Calaveras,Calaveras County Office of Education,Calaveras County Special Education (SELPA),No ,Yes,Female,*,*,*,*,*,*,*,*,*,*,*,*
2017-18,5,10058,6077150,Calaveras,Calaveras County Office of Education,Calaveras County Special Education (SELPA),No ,Yes,Male,*,*,*,*,*,*,*,*,*,*,*,*
2017-18,5,10058,6077150,Calaveras,Calaveras County Office of Education,Calaveras County Special Education (SELPA),No ,Yes,Asian,*,*,*,*,*,*,*,*,*,*,*,*
2017-18,5,10058,6077150,Calaveras,Calaveras County Office of Education,Calaveras County Special Education (SELPA),No ,Yes,African American,*,*,*,*,*,*,*,*,*,*,*,*
2017-18,5,10058,6077150,Calaveras,Calaveras County Office of Education,Calaveras County Special Education (SELPA),No ,Yes,Did not Report,*,*,*,*,*,*,*,*,*,*,*,*
2017-18,5,10058,6077150,Calaveras,Calaveras County Office of Education,Calaveras County Special Education (SELPA),No ,Yes,Filipino,*,*,*,*,*,*,*,*,*,*,*,*
2017-18,5,10058,6077150,Calaveras,Calaveras County Office of Education,Calaveras County Special Education (SELPA),No ,Yes,Hispanic or Latino,*,*,*,*,*,*,*,*,*,*,*,*
2017-18,5,10058,6077150,Calaveras,Calaveras County Office of Education,Calaveras County Special Education (SELPA),No ,Yes,American Indian or Alaska Native,*,*,*,*,*,*,*,*,*,*,*,*
2017-18,5,10058,6077150,Calaveras,Calaveras County Office of Education,Calaveras County Special Education (SELPA),No ,Yes,Pacific Islander,*,*,*,*,*,*,*,*,*,*,*,*
2017-18,5,10058,6077150,Calaveras,Calaveras County Office of Education,Calaveras County Special Education (SELPA),No ,Yes,Two or More Races,*,*,*,*,*,*,*,*,*,*,*,*
2017-18,5,10058,6077150,Calaveras,Calaveras County Office of Education,Calaveras County Special Education (SELPA),No ,Yes,White,11,11,34.5,380,72.9,27.1,0,0,277,103,0,0
2017-18,5,10058,6077150,Calaveras,Calaveras County Office of Education,Calaveras County Special Education (SELPA),No ,Yes,Students with Disabilities,15,15,28,420,71.4,28.6,0,0,300,120,0,0
2017-18,5,10058,6077150,Calaveras,Calaveras County Office of Education,Calaveras County Special Education (SELPA),No ,Yes,Socioeconomically Disadvantaged,*,*,*,*,*,*,*,*,*,*,*,*
2017-18,5,10058,6077150,Calaveras,Calaveras County Office of Education,Calaveras County Special Education (SELPA),No ,Yes,Total,15,15,28,420,71.4,28.6,0,0,300,120,0,0
2022-23,5,10058,6077150,Calaveras,Calaveras County Office of Education,Calaveras County Special Education (SELPA),No ,Yes,Not Chronically Absent,*,*,*,*,*,*,*,*,*,*,*,*
2022-23,5,10058,6077150,Calaveras,Calaveras County Office of Education,Calaveras County Special Education (SELPA),No ,Yes,Chronically Absent,*,*,*,*,*,*,*,*,*,*,*,*
2022-23,5,10058,6077150,Calaveras,Calaveras County Office of Education,Calaveras County Special Education (SELPA),No ,Yes,Female,*,*,*,*,*,*,*,*,*,*,*,*
2022-23,5,10058,6077150,Calaveras,Calaveras County Office of Education,Calaveras County Special Education (SELPA),No ,Yes,Male,*,*,*,*,*,*,*,*,*,*,*,*
2022-23,5,10058,6077150,Calaveras,Calaveras County Office of Education,Calaveras County Special Education (SELPA),No ,Yes,Asian,*,*,*,*,*,*,*,*,*,*,*,*
2022-23,5,10058,6077150,Calaveras,Calaveras County Office of Education,Calaveras County Special Education (SELPA),No ,Yes,African American,*,*,*,*,*,*,*,*,*,*,*,*
2022-23,5,10058,6077150,Calaveras,Calaveras County Office of Education,Calaveras County Special Education (SELPA),No ,Yes,Did not Report,*,*,*,*,*,*,*,*,*,*,*,*
2022-23,5,10058,6077150,Calaveras,Calaveras County Office of Education,Calaveras County Special Education (SELPA),No ,Yes,Filipino,*,*,*,*,*,*,*,*,*,*,*,*
2022-23,5,10058,6077150,Calaveras,Calaveras County Office of Education,Calaveras County Special Education (SELPA),No ,Yes,Hispanic or Latino,*,*,*,*,*,*,*,*,*,*,*,*
2022-23,5,10058,6077150,Calaveras,Calaveras County Office of Education,Calaveras County Special Education (SELPA),No ,Yes,American Indian or Alaska Native,*,*,*,*,*,*,*,*,*,*,*,*
2022-23,5,10058,6077150,Calaveras,Calaveras County Office of Education,Calaveras County Special Education (SELPA),No ,Yes,Pacific Islander,*,*,*,*,*,*,*,*,*,*,*,*
2022-23,5,10058,6077150,Calaveras,Calaveras County Office of Education,Calaveras County Special Education (SELPA),No ,Yes,Two or More Races,*,*,*,*,*,*,*,*,*,*,*,*
2022-23,5,10058,6077150,Calaveras,Calaveras County Office of Education,Calaveras County Special Education (SELPA),No ,Yes,White,*,*,*,*,*,*,*,*,*,*,*,*
2022-23,5,10058,6077150,Calaveras,Calaveras County Office of Education,Calaveras County Special Education (SELPA),No ,Yes,Students with Disabilities,11,11,31.2,343,62.1,37.9,0,0,213,130,0,0
2022-23,5,10058,6077150,Calaveras,Calaveras County Office of Education,Calaveras County Special Education (SELPA),No ,Yes,Socioeconomically Disadvantaged,*,*,*,*,*,*,*,*,*,*,*,*
2022-23,5,10058,6077150,Calaveras,Calaveras County Office of Education,Calaveras County Special Education (SELPA),No ,Yes,Total,11,11,31.2,343,62.1,37.9,0,0,213,130,0,0
2017-18,5,61564,531509,Calaveras,Calaveras Unified,Calaveras High,No ,No ,Not Chronically Absent,766,722,7.6,5509,75.3,23.5,1.3,0,4146,1292,71,0
2017-18,5,61564,531509,Calaveras,Calaveras Unified,Calaveras High,No ,No ,Chronically Absent,126,126,22.5,2830,60.2,38.3,1.6,0,1703,1083,44,0
2017-18,5,61564,531509,Calaveras,Calaveras Unified,Calaveras High,No ,No ,Female,419,394,9.8,3849,74.6,24.8,0.6,0,2873,954,22,0
2017-18,5,61564,531509,Calaveras,Calaveras Unified,Calaveras High,No ,No ,Male,473,454,9.9,4490,66.3,31.6,2.1,0,2976,1421,93,0
2017-18,5,61564,531509,Calaveras,Calaveras Unified,Calaveras High,No ,No ,Asian,15,15,9.9,149,62.4,37.6,0,0,93,56,0,0
2017-18,5,61564,531509,Calaveras,Calaveras Unified,Calaveras High,No ,No ,African American,*,*,*,*,*,*,*,*,*,*,*,*
2017-18,5,61564,531509,Calaveras,Calaveras Unified,Calaveras High,No ,No ,Did not Report,*,*,*,*,*,*,*,*,*,*,*,*
2017-18,5,61564,531509,Calaveras,Calaveras Unified,Calaveras High,No ,No ,Filipino,*,*,*,*,*,*,*,*,*,*,*,*
2017-18,5,61564,531509,Calaveras,Calaveras Unified,Calaveras High,No ,No ,Hispanic or Latino,166,159,8.7,1389,70.3,28.9,0.9,0,976,401,12,0
2017-18,5,61564,531509,Calaveras,Calaveras Unified,Calaveras High,No ,No ,American Indian or Alaska Native,19,19,11.8,225,59.6,38.2,2.2,0,134,86,5,0
2017-18,5,61564,531509,Calaveras,Calaveras Unified,Calaveras High,No ,No ,Pacific Islander,*,*,*,*,*,*,*,*,*,*,*,*
2017-18,5,61564,531509,Calaveras,Calaveras Unified,Calaveras High,No ,No ,Two or More Races,33,31,9.5,295,56.3,40,3.7,0,166,118,11,0
2017-18,5,61564,531509,Calaveras,Calaveras Unified,Calaveras High,No ,No ,White,643,609,10.1,6141,71.3,27.3,1.4,0,4379,1675,87,0
2017-18,5,61564,531509,Calaveras,Calaveras Unified,Calaveras High,No ,No ,Students with Disabilities,140,132,11.9,1569,59,38.3,2.7,0,925,601,43,0
2017-18,5,61564,531509,Calaveras,Calaveras Unified,Calaveras High,No ,No ,Socioeconomically Disadvantaged,456,432,10.7,4633,65.2,33,1.8,0,3023,1528,82,0
2017-18,5,61564,531509,Calaveras,Calaveras Unified,Calaveras High,No ,No ,Total,892,848,9.8,8339,70.1,28.5,1.4,0,5849,2375,115,0
2022-23,5,61564,531509,Calaveras,Calaveras Unified,Calaveras High,No ,No ,Not Chronically Absent,402,399,10.7,4255.9,63.5,35.1,1.4,0,2702.8,1495,58.1,0
2022-23,5,61564,531509,Calaveras,Calaveras Unified,Calaveras High,No ,No ,Chronically Absent,370,370,26.8,9910.7,58.4,37.7,3.8,0,5790.4,3739,381.2,0
2022-23,5,61564,531509,Calaveras,Calaveras Unified,Calaveras High,No ,No ,Female,354,353,19.2,6782.2,62.6,35.8,1.6,0,4242.8,2428.4,111,0
2022-23,5,61564,531509,Calaveras,Calaveras Unified,Calaveras High,No ,No ,Male,415,413,17.8,7341.1,57.5,38,4.5,0,4224.8,2788,328.3,0
2022-23,5,61564,531509,Calaveras,Calaveras Unified,Calaveras High,No ,No ,Asian,*,*,*,*,*,*,*,*,*,*,*,*
2022-23,5,61564,531509,Calaveras,Calaveras Unified,Calaveras High,No ,No ,African American,*,*,*,*,*,*,*,*,*,*,*,*
2022-23,5,61564,531509,Calaveras,Calaveras Unified,Calaveras High,No ,No ,Did not Report,*,*,*,*,*,*,*,*,*,*,*,*
2022-23,5,61564,531509,Calaveras,Calaveras Unified,Calaveras High,No ,No ,Filipino,*,*,*,*,*,*,*,*,*,*,*,*
2022-23,5,61564,531509,Calaveras,Calaveras Unified,Calaveras High,No ,No ,Hispanic or Latino,175,174,19.7,3425.2,54.5,42.5,2.9,0,1867.4,1457.2,100.7,0
2022-23,5,61564,531509,Calaveras,Calaveras Unified,Calaveras High,No ,No ,American Indian or Alaska Native,11,11,22.4,246.8,34.6,45.3,20,0,85.5,111.9,49.4,0
2022-23,5,61564,531509,Calaveras,Calaveras Unified,Calaveras High,No ,No ,Pacific Islander,*,*,*,*,*,*,*,*,*,*,*,*
2022-23,5,61564,531509,Calaveras,Calaveras Unified,Calaveras High,No ,No ,Two or More Races,35,35,17.4,608.4,58.6,34.4,6.9,0,356.8,209.4,42.2,0
2022-23,5,61564,531509,Calaveras,Calaveras Unified,Calaveras High,No ,No ,White,534,532,18,9558.9,62.4,35,2.6,0,5969.5,3342.4,247.1,0
2022-23,5,61564,531509,Calaveras,Calaveras Unified,Calaveras High,No ,No ,Students with Disabilities,157,157,22.5,3537.2,49.2,44.7,6.1,0,1739.5,1582.5,215.2,0
2022-23,5,61564,531509,Calaveras,Calaveras Unified,Calaveras High,No ,No ,Socioeconomically Disadvantaged,354,353,20.8,7346.5,54.4,41.3,4.3,0,3995.9,3031.1,319.5,0
2022-23,5,61564,531509,Calaveras,Calaveras Unified,Calaveras High,No ,No ,Total,772,769,18.4,14166.6,60,36.9,3.1,0,8493.3,5234,439.3,0
2017-18,5,10058,530048,Calaveras,Calaveras County Office of Education,Calaveras River Academy,No ,Yes,Not Chronically Absent,*,*,*,*,*,*,*,*,*,*,*,*
2017-18,5,10058,530048,Calaveras,Calaveras County Office of Education,Calaveras River Academy,No ,Yes,Chronically Absent,36,36,36.4,1311.4,43.3,33.9,5.7,17.1,567.9,444.4,75.2,224
2017-18,5,10058,530048,Calaveras,Calaveras County Office of Education,Calaveras River Academy,No ,Yes,Female,*,*,*,*,*,*,*,*,*,*,*,*
2017-18,5,10058,530048,Calaveras,Calaveras County Office of Education,Calaveras River Academy,No ,Yes,Male,31,29,35,1015,45.6,34.2,6.3,13.9,462.6,346.9,64.5,141
2017-18,5,10058,530048,Calaveras,Calaveras County Office of Education,Calaveras River Academy,No ,Yes,Asian,*,*,*,*,*,*,*,*,*,*,*,*
2017-18,5,10058,530048,Calaveras,Calaveras County Office of Education,Calaveras River Academy,No ,Yes,African American,*,*,*,*,*,*,*,*,*,*,*,*
2017-18,5,10058,530048,Calaveras,Calaveras County Office of Education,Calaveras River Academy,No ,Yes,Did not Report,*,*,*,*,*,*,*,*,*,*,*,*
2017-18,5,10058,530048,Calaveras,Calaveras County Office of Education,Calaveras River Academy,No ,Yes,Filipino,*,*,*,*,*,*,*,*,*,*,*,*
2017-18,5,10058,530048,Calaveras,Calaveras County Office of Education,Calaveras River Academy,No ,Yes,Hispanic or Latino,11,10,43.3,432.8,33.6,46.1,4.1,16.2,145.5,199.4,17.9,70
2017-18,5,10058,530048,Calaveras,Calaveras County Office of Education,Calaveras River Academy,No ,Yes,American Indian or Alaska Native,*,*,*,*,*,*,*,*,*,*,*,*
2017-18,5,10058,530048,Calaveras,Calaveras County Office of Education,Calaveras River Academy,No ,Yes,Pacific Islander,*,*,*,*,*,*,*,*,*,*,*,*
2017-18,5,10058,530048,Calaveras,Calaveras County Office of Education,Calaveras River Academy,No ,Yes,Two or More Races,*,*,*,*,*,*,*,*,*,*,*,*
2017-18,5,10058,530048,Calaveras,Calaveras County Office of Education,Calaveras River Academy,No ,Yes,White,23,22,31.6,694.6,50.2,30.6,7.4,11.8,348.9,212.3,51.5,82
2017-18,5,10058,530048,Calaveras,Calaveras County Office of Education,Calaveras River Academy,No ,Yes,Students with Disabilities,14,14,37.1,519,50.3,32.1,4.3,13.3,260.9,166.8,22.3,69
2017-18,5,10058,530048,Calaveras,Calaveras County Office of Education,Calaveras River Academy,No ,Yes,Socioeconomically Disadvantaged,38,37,35.4,1311.1,42.5,33.9,5.7,17.9,557,444,75.2,235
2017-18,5,10058,530048,Calaveras,Calaveras County Office of Education,Calaveras River Academy,No ,Yes,Total,41,39,34.1,1330,42.9,33.6,5.7,17.8,570.4,447.4,75.2,237
2022-23,5,10058,530048,Calaveras,Calaveras County Office of Education,Calaveras River Academy,No ,Yes,Not Chronically Absent,*,*,*,*,*,*,*,*,*,*,*,*
2022-23,5,10058,530048,Calaveras,Calaveras County Office of Education,Calaveras River Academy,No ,Yes,Chronically Absent,33,33,36.5,1203.1,36.9,42.8,14.4,5.9,444.5,514.7,173.3,70.6
2022-23,5,10058,530048,Calaveras,Calaveras County Office of Education,Calaveras River Academy,No ,Yes,Female,*,*,*,*,*,*,*,*,*,*,*,*
2022-23,5,10058,530048,Calaveras,Calaveras County Office of Education,Calaveras River Academy,No ,Yes,Male,24,24,38.6,926.7,35.7,46.8,14.9,2.7,330.9,433.3,138,24.6
2022-23,5,10058,530048,Calaveras,Calaveras County Office of Education,Calaveras River Academy,No ,Yes,Asian,*,*,*,*,*,*,*,*,*,*,*,*
2022-23,5,10058,530048,Calaveras,Calaveras County Office of Education,Calaveras River Academy,No ,Yes,African American,*,*,*,*,*,*,*,*,*,*,*,*
2022-23,5,10058,530048,Calaveras,Calaveras County Office of Education,Calaveras River Academy,No ,Yes,Did not Report,*,*,*,*,*,*,*,*,*,*,*,*
2022-23,5,10058,530048,Calaveras,Calaveras County Office of Education,Calaveras River Academy,No ,Yes,Filipino,*,*,*,*,*,*,*,*,*,*,*,*
2022-23,5,10058,530048,Calaveras,Calaveras County Office of Education,Calaveras River Academy,No ,Yes,Hispanic or Latino,*,*,*,*,*,*,*,*,*,*,*,*
2022-23,5,10058,530048,Calaveras,Calaveras County Office of Education,Calaveras River Academy,No ,Yes,American Indian or Alaska Native,*,*,*,*,*,*,*,*,*,*,*,*
2022-23,5,10058,530048,Calaveras,Calaveras County Office of Education,Calaveras River Academy,No ,Yes,Pacific Islander,*,*,*,*,*,*,*,*,*,*,*,*
2022-23,5,10058,530048,Calaveras,Calaveras County Office of Education,Calaveras River Academy,No ,Yes,Two or More Races,*,*,*,*,*,*,*,*,*,*,*,*
2022-23,5,10058,530048,Calaveras,Calaveras County Office of Education,Calaveras River Academy,No ,Yes,White,24,24,37.8,907.7,37,41.2,14,7.8,336.2,373.7,127.3,70.6
2022-23,5,10058,530048,Calaveras,Calaveras County Office of Education,Calaveras River Academy,No ,Yes,Students with Disabilities,12,12,33.1,397.1,41.2,35.8,19.1,3.9,163.6,142.2,75.8,15.5
2022-23,5,10058,530048,Calaveras,Calaveras County Office of Education,Calaveras River Academy,No ,Yes,Socioeconomically Disadvantaged,28,28,35.6,996.9,37.7,41.4,15.1,5.8,375.5,412.6,150.6,58.1
2022-23,5,10058,530048,Calaveras,Calaveras County Office of Education,Calaveras River Academy,No ,Yes,Total,34,34,35.5,1205.8,37.1,42.7,14.4,5.9,447.2,514.7,173.3,70.6
2017-18,5,61564,530055,Calaveras,Calaveras Unified,Calaveras Unified Alternative-Sierra Hills Education Center,No ,No ,Not Chronically Absent,24,15,7.9,118,0,0,0,100,0,0,0,118
2017-18,5,61564,530055,Calaveras,Calaveras Unified,Calaveras Unified Alternative-Sierra Hills Education Center,No ,No ,Chronically Absent,43,43,38.6,1658,0,0,0,100,0,0,0,1658
2017-18,5,61564,530055,Calaveras,Calaveras Unified,Calaveras Unified Alternative-Sierra Hills Education Center,No ,No ,Female,34,28,21.6,604,0,0,0,100,0,0,0,604
2017-18,5,61564,530055,Calaveras,Calaveras Unified,Calaveras Unified Alternative-Sierra Hills Education Center,No ,No ,Male,33,30,39.1,1172,0,0,0,100,0,0,0,1172
2017-18,5,61564,530055,Calaveras,Calaveras Unified,Calaveras Unified Alternative-Sierra Hills Education Center,No ,No ,Grades 1-3,*,*,*,*,*,*,*,*,*,*,*,*
2017-18,5,61564,530055,Calaveras,Calaveras Unified,Calaveras Unified Alternative-Sierra Hills Education Center,No ,No ,Kindergarten,*,*,*,*,*,*,*,*,*,*,*,*
2017-18,5,61564,530055,Calaveras,Calaveras Unified,Calaveras Unified Alternative-Sierra Hills Education Center,No ,No ,Asian,*,*,*,*,*,*,*,*,*,*,*,*
2017-18,5,61564,530055,Calaveras,Calaveras Unified,Calaveras Unified Alternative-Sierra Hills Education Center,No ,No ,African American,*,*,*,*,*,*,*,*,*,*,*,*
2017-18,5,61564,530055,Calaveras,Calaveras Unified,Calaveras Unified Alternative-Sierra Hills Education Center,No ,No ,Did not Report,*,*,*,*,*,*,*,*,*,*,*,*
2017-18,5,61564,530055,Calaveras,Calaveras Unified,Calaveras Unified Alternative-Sierra Hills Education Center,No ,No ,Filipino,*,*,*,*,*,*,*,*,*,*,*,*
2017-18,5,61564,530055,Calaveras,Calaveras Unified,Calaveras Unified Alternative-Sierra Hills Education Center,No ,No ,Hispanic or Latino,15,14,21.1,295,0,0,0,100,0,0,0,295
2017-18,5,61564,530055,Calaveras,Calaveras Unified,Calaveras Unified Alternative-Sierra Hills Education Center,No ,No ,American Indian or Alaska Native,*,*,*,*,*,*,*,*,*,*,*,*
2017-18,5,61564,530055,Calaveras,Calaveras Unified,Calaveras Unified Alternative-Sierra Hills Education Center,No ,No ,Pacific Islander,*,*,*,*,*,*,*,*,*,*,*,*
2017-18,5,61564,530055,Calaveras,Calaveras Unified,Calaveras Unified Alternative-Sierra Hills Education Center,No ,No ,Two or More Races,*,*,*,*,*,*,*,*,*,*,*,*
2017-18,5,61564,530055,Calaveras,Calaveras Unified,Calaveras Unified Alternative-Sierra Hills Education Center,No ,No ,White,43,38,32,1215,0,0,0,100,0,0,0,1215
2017-18,5,61564,530055,Calaveras,Calaveras Unified,Calaveras Unified Alternative-Sierra Hills Education Center,No ,No ,Students with Disabilities,*,*,*,*,*,*,*,*,*,*,*,*
2017-18,5,61564,530055,Calaveras,Calaveras Unified,Calaveras Unified Alternative-Sierra Hills Education Center,No ,No ,Socioeconomically Disadvantaged,42,37,31.8,1178,0,0,0,100,0,0,0,1178
2017-18,5,61564,530055,Calaveras,Calaveras Unified,Calaveras Unified Alternative-Sierra Hills Education Center,No ,No ,Total,67,58,30.6,1776,0,0,0,100,0,0,0,1776
2022-23,5,61564,530055,Calaveras,Calaveras Unified,Calaveras Unified Alternative-Sierra Hills Education Center,No ,No ,Not Chronically Absent,135,68,4.5,304,100,0,0,0,304,0,0,0
2022-23,5,61564,530055,Calaveras,Calaveras Unified,Calaveras Unified Alternative-Sierra Hills Education Center,No ,No ,Chronically Absent,*,*,*,*,*,*,*,*,*,*,*,*
2022-23,5,61564,530055,Calaveras,Calaveras Unified,Calaveras Unified Alternative-Sierra Hills Education Center,No ,No ,Female,80,44,5.5,240,100,0,0,0,240,0,0,0
2022-23,5,61564,530055,Calaveras,Calaveras Unified,Calaveras Unified Alternative-Sierra Hills Education Center,No ,No ,Male,65,34,8.6,292,100,0,0,0,292,0,0,0
2022-23,5,61564,530055,Calaveras,Calaveras Unified,Calaveras Unified Alternative-Sierra Hills Education Center,No ,No ,Grades 1-3,*,*,*,*,*,*,*,*,*,*,*,*
2022-23,5,61564,530055,Calaveras,Calaveras Unified,Calaveras Unified Alternative-Sierra Hills Education Center,No ,No ,Kindergarten,*,*,*,*,*,*,*,*,*,*,*,*
2022-23,5,61564,530055,Calaveras,Calaveras Unified,Calaveras Unified Alternative-Sierra Hills Education Center,No ,No ,Asian,*,*,*,*,*,*,*,*,*,*,*,*
2022-23,5,61564,530055,Calaveras,Calaveras Unified,Calaveras Unified Alternative-Sierra Hills Education Center,No ,No ,African American,*,*,*,*,*,*,*,*,*,*,*,*
2022-23,5,61564,530055,Calaveras,Calaveras Unified,Calaveras Unified Alternative-Sierra Hills Education Center,No ,No ,Did not Report,*,*,*,*,*,*,*,*,*,*,*,*
2022-23,5,61564,530055,Calaveras,Calaveras Unified,Calaveras Unified Alternative-Sierra Hills Education Center,No ,No ,Filipino,*,*,*,*,*,*,*,*,*,*,*,*
2022-23,5,61564,530055,Calaveras,Calaveras Unified,Calaveras Unified Alternative-Sierra Hills Education Center,No ,No ,Hispanic or Latino,29,13,6.4,83,100,0,0,0,83,0,0,0
2022-23,5,61564,530055,Calaveras,Calaveras Unified,Calaveras Unified Alternative-Sierra Hills Education Center,No ,No ,American Indian or Alaska Native,*,*,*,*,*,*,*,*,*,*,*,*
2022-23,5,61564,530055,Calaveras,Calaveras Unified,Calaveras Unified Alternative-Sierra Hills Education Center,No ,No ,Pacific Islander,*,*,*,*,*,*,*,*,*,*,*,*
2022-23,5,61564,530055,Calaveras,Calaveras Unified,Calaveras Unified Alternative-Sierra Hills Education Center,No ,No ,Two or More Races,14,4,4,16,100,0,0,0,16,0,0,0
2022-23,5,61564,530055,Calaveras,Calaveras Unified,Calaveras Unified Alternative-Sierra Hills Education Center,No ,No ,White,94,56,7.1,400,100,0,0,0,400,0,0,0
2022-23,5,61564,530055,Calaveras,Calaveras Unified,Calaveras Unified Alternative-Sierra Hills Education Center,No ,No ,Students with Disabilities,17,11,10.5,115,100,0,0,0,115,0,0,0
2022-23,5,61564,530055,Calaveras,Calaveras Unified,Calaveras Unified Alternative-Sierra Hills Education Center,No ,No ,Socioeconomically Disadvantaged,83,50,7.8,389,100,0,0,0,389,0,0,0
2022-23,5,61564,530055,Calaveras,Calaveras Unified,Calaveras Unified Alternative-Sierra Hills Education Center,No ,No ,Total,145,78,6.8,532,100,0,0,0,532,0,0,0
2017-18,5,61572,6003388,Calaveras,Mark Twain Union Elementary,Copperopolis Elementary,No ,No ,Not Chronically Absent,238,223,7.8,1735,68.5,30.7,0.8,0,1188,533,14,0
2017-18,5,61572,6003388,Calaveras,Mark Twain Union Elementary,Copperopolis Elementary,No ,No ,Chronically Absent,51,51,23.3,1186,63.2,35.2,1.6,0,750,417,19,0
2017-18,5,61572,6003388,Calaveras,Mark Twain Union Elementary,Copperopolis Elementary,No ,No ,Female,135,128,9.9,1271,70.8,28.9,0.3,0,900,367,4,0
2017-18,5,61572,6003388,Calaveras,Mark Twain Union Elementary,Copperopolis Elementary,No ,No ,Male,154,146,11.3,1650,62.9,35.3,1.8,0,1038,583,29,0
2017-18,5,61572,6003388,Calaveras,Mark Twain Union Elementary,Copperopolis Elementary,No ,No ,Grades 1-3,124,120,10.9,1313,68.6,30.5,0.8,0,901,401,11,0
2017-18,5,61572,6003388,Calaveras,Mark Twain Union Elementary,Copperopolis Elementary,No ,No ,Kindergarten,44,43,13.8,593,68.5,31.5,0,0,406,187,0,0
2017-18,5,61572,6003388,Calaveras,Mark Twain Union Elementary,Copperopolis Elementary,No ,No ,Asian,*,*,*,*,*,*,*,*,*,*,*,*
2017-18,5,61572,6003388,Calaveras,Mark Twain Union Elementary,Copperopolis Elementary,No ,No ,African American,*,*,*,*,*,*,*,*,*,*,*,*
2017-18,5,61572,6003388,Calaveras,Mark Twain Union Elementary,Copperopolis Elementary,No ,No ,Did not Report,*,*,*,*,*,*,*,*,*,*,*,*
2017-18,5,61572,6003388,Calaveras,Mark Twain Union Elementary,Copperopolis Elementary,No ,No ,Filipino,*,*,*,*,*,*,*,*,*,*,*,*
2017-18,5,61572,6003388,Calaveras,Mark Twain Union Elementary,Copperopolis Elementary,No ,No ,Hispanic or Latino,62,59,10.7,634,66.7,32.5,0.8,0,423,206,5,0
2017-18,5,61572,6003388,Calaveras,Mark Twain Union Elementary,Copperopolis Elementary,No ,No ,American Indian or Alaska Native,*,*,*,*,*,*,*,*,*,*,*,*
2017-18,5,61572,6003388,Calaveras,Mark Twain Union Elementary,Copperopolis Elementary,No ,No ,Pacific Islander,*,*,*,*,*,*,*,*,*,*,*,*
2017-18,5,61572,6003388,Calaveras,Mark Twain Union Elementary,Copperopolis Elementary,No ,No ,Two or More Races,19,17,12.5,212,69.8,30.2,0,0,148,64,0,0
2017-18,5,61572,6003388,Calaveras,Mark Twain Union Elementary,Copperopolis Elementary,No ,No ,White,193,185,10,1845,68.5,30.1,1.4,0,1264,555,26,0
2017-18,5,61572,6003388,Calaveras,Mark Twain Union Elementary,Copperopolis Elementary,No ,No ,Students with Disabilities,54,51,11.1,564,65.6,32.3,2.1,0,370,182,12,0
2017-18,5,61572,6003388,Calaveras,Mark Twain Union Elementary,Copperopolis Elementary,No ,No ,Socioeconomically Disadvantaged,198,191,11,2103,64.2,34.2,1.6,0,1351,719,33,0
2017-18,5,61572,6003388,Calaveras,Mark Twain Union Elementary,Copperopolis Elementary,No ,No ,Total,289,274,10.7,2921,66.3,32.5,1.1,0,1938,950,33,0
2022-23,5,61572,6003388,Calaveras,Mark Twain Union Elementary,Copperopolis Elementary,No ,No ,Not Chronically Absent,134,134,10.4,1396,74.7,24,0.9,0.4,1043,335,12,6
2022-23,5,61572,6003388,Calaveras,Mark Twain Union Elementary,Copperopolis Elementary,No ,No ,Chronically Absent,117,117,26.7,3121,60.2,37.9,1.3,0.5,1880,1184,40,17
2022-23,5,61572,6003388,Calaveras,Mark Twain Union Elementary,Copperopolis Elementary,No ,No ,Female,137,137,18.6,2547,61.7,37.5,0.1,0.7,1572,955,3,17
2022-23,5,61572,6003388,Calaveras,Mark Twain Union Elementary,Copperopolis Elementary,No ,No ,Male,114,114,17.3,1970,68.6,28.6,2.5,0.3,1351,564,49,6
2022-23,5,61572,6003388,Calaveras,Mark Twain Union Elementary,Copperopolis Elementary,No ,No ,Grades 1-3,94,94,15.8,1486,66.8,32.4,0.8,0,993,481,12,0
2022-23,5,61572,6003388,Calaveras,Mark Twain Union Elementary,Copperopolis Elementary,No ,No ,Kindergarten,52,52,23.2,1204,61.8,36.5,1.2,0.5,744,439,15,6
2022-23,5,61572,6003388,Calaveras,Mark Twain Union Elementary,Copperopolis Elementary,No ,No ,Asian,*,*,*,*,*,*,*,*,*,*,*,*
2022-23,5,61572,6003388,Calaveras,Mark Twain Union Elementary,Copperopolis Elementary,No ,No ,African American,*,*,*,*,*,*,*,*,*,*,*,*
2022-23,5,61572,6003388,Calaveras,Mark Twain Union Elementary,Copperopolis Elementary,No ,No ,Did not Report,*,*,*,*,*,*,*,*,*,*,*,*
2022-23,5,61572,6003388,Calaveras,Mark Twain Union Elementary,Copperopolis Elementary,No ,No ,Filipino,*,*,*,*,*,*,*,*,*,*,*,*
2022-23,5,61572,6003388,Calaveras,Mark Twain Union Elementary,Copperopolis Elementary,No ,No ,Hispanic or Latino,52,52,16.6,865,68.9,30.8,0.3,0,596,266,3,0
2022-23,5,61572,6003388,Calaveras,Mark Twain Union Elementary,Copperopolis Elementary,No ,No ,American Indian or Alaska Native,*,*,*,*,*,*,*,*,*,*,*,*
2022-23,5,61572,6003388,Calaveras,Mark Twain Union Elementary,Copperopolis Elementary,No ,No ,Pacific Islander,*,*,*,*,*,*,*,*,*,*,*,*
2022-23,5,61572,6003388,Calaveras,Mark Twain Union Elementary,Copperopolis Elementary,No ,No ,Two or More Races,16,16,16.6,266,65,32.7,0,2.3,173,87,0,6
2022-23,5,61572,6003388,Calaveras,Mark Twain Union Elementary,Copperopolis Elementary,No ,No ,White,179,179,18.5,3316,63.8,34.2,1.5,0.5,2116,1134,49,17
2022-23,5,61572,6003388,Calaveras,Mark Twain Union Elementary,Copperopolis Elementary,No ,No ,Students with Disabilities,58,58,17.1,994,71.1,24.6,4.2,0,707,245,42,0
2022-23,5,61572,6003388,Calaveras,Mark Twain Union Elementary,Copperopolis Elementary,No ,No ,Socioeconomically Disadvantaged,117,117,21.5,2515,61,37.5,1.3,0.2,1534,942,33,6
2022-23,5,61572,6003388,Calaveras,Mark Twain Union Elementary,Copperopolis Elementary,No ,No ,Total,251,251,18,4517,64.7,33.6,1.2,0.5,2923,1519,52,23
2017-18,5,61564,530022,Calaveras,Calaveras Unified,Gold Strike High,No ,Yes,Not Chronically Absent,14,14,11.1,155.6,73.5,25.2,1.3,0,114.3,39.3,2,0
2017-18,5,61564,530022,Calaveras,Calaveras Unified,Gold Strike High,No ,Yes,Chronically Absent,49,49,25,1222.9,47.7,49.3,3.1,0,582.8,602.3,37.8,0
2017-18,5,61564,530022,Calaveras,Calaveras Unified,Gold Strike High,No ,Yes,Female,28,28,23.4,654.1,51.2,46,2.8,0,335,301,18.1,0
2017-18,5,61564,530022,Calaveras,Calaveras Unified,Gold Strike High,No ,Yes,Male,35,35,20.7,724.4,50,47,3,0,362.1,340.6,21.7,0
2017-18,5,61564,530022,Calaveras,Calaveras Unified,Gold Strike High,No ,Yes,Asian,*,*,*,*,*,*,*,*,*,*,*,*
2017-18,5,61564,530022,Calaveras,Calaveras Unified,Gold Strike High,No ,Yes,African American,*,*,*,*,*,*,*,*,*,*,*,*
2017-18,5,61564,530022,Calaveras,Calaveras Unified,Gold Strike High,No ,Yes,Did not Report,*,*,*,*,*,*,*,*,*,*,*,*
2017-18,5,61564,530022,Calaveras,Calaveras Unified,Gold Strike High,No ,Yes,Filipino,*,*,*,*,*,*,*,*,*,*,*,*
2017-18,5,61564,530022,Calaveras,Calaveras Unified,Gold Strike High,No ,Yes,Hispanic or Latino,13,13,29.1,378.3,46.2,52.4,1.4,0,174.7,198.1,5.4,0
2017-18,5,61564,530022,Calaveras,Calaveras Unified,Gold Strike High,No ,Yes,American Indian or Alaska Native,*,*,*,*,*,*,*,*,*,*,*,*
2017-18,5,61564,530022,Calaveras,Calaveras Unified,Gold Strike High,No ,Yes,Pacific Islander,*,*,*,*,*,*,*,*,*,*,*,*
2017-18,5,61564,530022,Calaveras,Calaveras Unified,Gold Strike High,No ,Yes,Two or More Races,*,*,*,*,*,*,*,*,*,*,*,*
2017-18,5,61564,530022,Calaveras,Calaveras Unified,Gold Strike High,No ,Yes,White,40,40,20.2,808.9,53.5,43.9,2.7,0,432.6,354.9,21.5,0
2017-18,5,61564,530022,Calaveras,Calaveras Unified,Gold Strike High,No ,Yes,Students with Disabilities,*,*,*,*,*,*,*,*,*,*,*,*
2017-18,5,61564,530022,Calaveras,Calaveras Unified,Gold Strike High,No ,Yes,Socioeconomically Disadvantaged,52,52,20.8,1083.3,49.7,47.1,3.2,0,538.7,510.4,34.2,0
2017-18,5,61564,530022,Calaveras,Calaveras Unified,Gold Strike High,No ,Yes,Total,63,63,21.9,1378.5,50.6,46.5,2.9,0,697.1,641.6,39.8,0
2022-23,5,61564,530022,Calaveras,Calaveras Unified,Gold Strike High,No ,Yes,Not Chronically Absent,17,16,7.9,126.3,40.3,56.5,3.2,0,50.9,71.4,4,0
2022-23,5,61564,530022,Calaveras,Calaveras Unified,Gold Strike High,No ,Yes,Chronically Absent,50,50,30.3,1513.8,29.8,66.2,4,0,451.8,1002.3,59.8,0
2022-23,5,61564,530022,Calaveras,Calaveras Unified,Gold Strike High,No ,Yes,Female,28,28,25.6,718.1,30.3,66,3.7,0,217.4,474.1,26.6,0
2022-23,5,61564,530022,Calaveras,Calaveras Unified,Gold Strike High,No ,Yes,Male,39,38,24.3,922,30.9,65,4,0,285.3,599.6,37.2,0
2022-23,5,61564,530022,Calaveras,Calaveras Unified,Gold Strike High,No ,Yes,Asian,*,*,*,*,*,*,*,*,*,*,*,*
2022-23,5,61564,530022,Calaveras,Calaveras Unified,Gold Strike High,No ,Yes,African American,*,*,*,*,*,*,*,*,*,*,*,*
2022-23,5,61564,530022,Calaveras,Calaveras Unified,Gold Strike High,No ,Yes,Did not Report,*,*,*,*,*,*,*,*,*,*,*,*
2022-23,5,61564,530022,Calaveras,Calaveras Unified,Gold Strike High,No ,Yes,Filipino,*,*,*,*,*,*,*,*,*,*,*,*
2022-23,5,61564,530022,Calaveras,Calaveras Unified,Gold Strike High,No ,Yes,Hispanic or Latino,19,19,21.8,414.3,32,63.3,4.7,0,132.6,262.3,19.4,0
2022-23,5,61564,530022,Calaveras,Calaveras Unified,Gold Strike High,No ,Yes,American Indian or Alaska Native,*,*,*,*,*,*,*,*,*,*,*,*
2022-23,5,61564,530022,Calaveras,Calaveras Unified,Gold Strike High,No ,Yes,Pacific Islander,*,*,*,*,*,*,*,*,*,*,*,*
2022-23,5,61564,530022,Calaveras,Calaveras Unified,Gold Strike High,No ,Yes,Two or More Races,*,*,*,*,*,*,*,*,*,*,*,*
2022-23,5,61564,530022,Calaveras,Calaveras Unified,Gold Strike High,No ,Yes,White,41,40,27.2,1088.2,29.2,67.2,3.6,0,317.9,730.9,39.4,0
2022-23,5,61564,530022,Calaveras,Calaveras Unified,Gold Strike High,No ,Yes,Students with Disabilities,*,*,*,*,*,*,*,*,*,*,*,*
2022-23,5,61564,530022,Calaveras,Calaveras Unified,Gold Strike High,No ,Yes,Socioeconomically Disadvantaged,48,47,25.8,1212.3,33,63.7,3.3,0,400.2,772.8,39.4,0
2022-23,5,61564,530022,Calaveras,Calaveras Unified,Gold Strike High,No ,Yes,Total,67,66,24.9,1640.2,30.6,65.5,3.9,0,502.7,1073.7,63.8,0
2017-18,5,61580,6003396,Calaveras,Vallecito Union,Hazel Fischer Elementary,No ,No ,Not Chronically Absent,153,144,7.5,1086,75.9,23.9,0.2,0,824,260,2,0
2017-18,5,61580,6003396,Calaveras,Vallecito Union,Hazel Fischer Elementary,No ,No ,Chronically Absent,21,21,21.7,456,66.4,33.6,0,0,303,153,0,0
2017-18,5,61580,6003396,Calaveras,Vallecito Union,Hazel Fischer Elementary,No ,No ,Female,93,87,9.7,840,73.6,26.4,0,0,618,222,0,0
2017-18,5,61580,6003396,Calaveras,Vallecito Union,Hazel Fischer Elementary,No ,No ,Male,81,78,9,702,72.5,27.2,0.3,0,509,191,2,0
2017-18,5,61580,6003396,Calaveras,Vallecito Union,Hazel Fischer Elementary,No ,No ,Grades 1-3,82,77,8.4,647,69.9,30.1,0,0,452,195,0,0
2017-18,5,61580,6003396,Calaveras,Vallecito Union,Hazel Fischer Elementary,No ,No ,Kindergarten,45,43,12.4,533,76.5,23.5,0,0,408,125,0,0
2017-18,5,61580,6003396,Calaveras,Vallecito Union,Hazel Fischer Elementary,No ,No ,Asian,*,*,*,*,*,*,*,*,*,*,*,*
2017-18,5,61580,6003396,Calaveras,Vallecito Union,Hazel Fischer Elementary,No ,No ,African American,*,*,*,*,*,*,*,*,*,*,*,*
2017-18,5,61580,6003396,Calaveras,Vallecito Union,Hazel Fischer Elementary,No ,No ,Did not Report,11,11,8.3,91,73.6,26.4,0,0,67,24,0,0
2017-18,5,61580,6003396,Calaveras,Vallecito Union,Hazel Fischer Elementary,No ,No ,Filipino,*,*,*,*,*,*,*,*,*,*,*,*
2017-18,5,61580,6003396,Calaveras,Vallecito Union,Hazel Fischer Elementary,No ,No ,Hispanic or Latino,23,21,9.9,208,72.1,27.9,0,0,150,58,0,0
2017-18,5,61580,6003396,Calaveras,Vallecito Union,Hazel Fischer Elementary,No ,No ,American Indian or Alaska Native,*,*,*,*,*,*,*,*,*,*,*,*
2017-18,5,61580,6003396,Calaveras,Vallecito Union,Hazel Fischer Elementary,No ,No ,Pacific Islander,*,*,*,*,*,*,*,*,*,*,*,*
2017-18,5,61580,6003396,Calaveras,Vallecito Union,Hazel Fischer Elementary,No ,No ,Two or More Races,*,*,*,*,*,*,*,*,*,*,*,*
2017-18,5,61580,6003396,Calaveras,Vallecito Union,Hazel Fischer Elementary,No ,No ,White,131,124,9.4,1163,72.7,27.1,0.2,0,846,315,2,0
2017-18,5,61580,6003396,Calaveras,Vallecito Union,Hazel Fischer Elementary,No ,No ,Students with Disabilities,21,21,11.1,234,70.5,28.6,0.9,0,165,67,2,0
2017-18,5,61580,6003396,Calaveras,Vallecito Union,Hazel Fischer Elementary,No ,No ,Socioeconomically Disadvantaged,110,104,9.2,958,68.4,31.4,0.2,0,655,301,2,0
2017-18,5,61580,6003396,Calaveras,Vallecito Union,Hazel Fischer Elementary,No ,No ,Total,174,165,9.3,1542,73.1,26.8,0.1,0,1127,413,2,0
2022-23,5,61580,6003396,Calaveras,Vallecito Union,Hazel Fischer Elementary,No ,No ,Not Chronically Absent,93,93,10.8,1009,77.3,22.7,0,0,780,229,0,0
2022-23,5,61580,6003396,Calaveras,Vallecito Union,Hazel Fischer Elementary,No ,No ,Chronically Absent,88,88,25.5,2245,78.8,21.2,0,0,1769,476,0,0
2022-23,5,61580,6003396,Calaveras,Vallecito Union,Hazel Fischer Elementary,No ,No ,Female,87,87,18.3,1590,78.5,21.5,0,0,1248,342,0,0
2022-23,5,61580,6003396,Calaveras,Vallecito Union,Hazel Fischer Elementary,No ,No ,Male,94,94,17.7,1664,78.2,21.8,0,0,1301,363,0,0
2022-23,5,61580,6003396,Calaveras,Vallecito Union,Hazel Fischer Elementary,No ,No ,Grades 1-3,83,83,18.2,1514,79.7,20.3,0,0,1207,307,0,0
2022-23,5,61580,6003396,Calaveras,Vallecito Union,Hazel Fischer Elementary,No ,No ,Kindergarten,38,38,22.9,870,80,20,0,0,696,174,0,0
2022-23,5,61580,6003396,Calaveras,Vallecito Union,Hazel Fischer Elementary,No ,No ,Asian,*,*,*,*,*,*,*,*,*,*,*,*
2022-23,5,61580,6003396,Calaveras,Vallecito Union,Hazel Fischer Elementary,No ,No ,African American,*,*,*,*,*,*,*,*,*,*,*,*
2022-23,5,61580,6003396,Calaveras,Vallecito Union,Hazel Fischer Elementary,No ,No ,Did not Report,*,*,*,*,*,*,*,*,*,*,*,*
2022-23,5,61580,6003396,Calaveras,Vallecito Union,Hazel Fischer Elementary,No ,No ,Filipino,*,*,*,*,*,*,*,*,*,*,*,*
2022-23,5,61580,6003396,Calaveras,Vallecito Union,Hazel Fischer Elementary,No ,No ,Hispanic or Latino,24,24,17,408,75,25,0,0,306,102,0,0
2022-23,5,61580,6003396,Calaveras,Vallecito Union,Hazel Fischer Elementary,No ,No ,American Indian or Alaska Native,*,*,*,*,*,*,*,*,*,*,*,*
2022-23,5,61580,6003396,Calaveras,Vallecito Union,Hazel Fischer Elementary,No ,No ,Pacific Islander,*,*,*,*,*,*,*,*,*,*,*,*
2022-23,5,61580,6003396,Calaveras,Vallecito Union,Hazel Fischer Elementary,No ,No ,Two or More Races,15,15,20.1,301,77.7,22.3,0,0,234,67,0,0
2022-23,5,61580,6003396,Calaveras,Vallecito Union,Hazel Fischer Elementary,No ,No ,White,139,139,18,2500,79,21,0,0,1975,525,0,0
2022-23,5,61580,6003396,Calaveras,Vallecito Union,Hazel Fischer Elementary,No ,No ,Students with Disabilities,29,29,18.4,534,76.4,23.6,0,0,408,126,0,0
2022-23,5,61580,6003396,Calaveras,Vallecito Union,Hazel Fischer Elementary,No ,No ,Socioeconomically Disadvantaged,101,101,18.1,1831,79,21,0,0,1447,384,0,0
2022-23,5,61580,6003396,Calaveras,Vallecito Union,Hazel Fischer Elementary,No ,No ,Total,181,181,18,3254,78.3,21.7,0,0,2549,705,0,0
2017-18,5,61564,6108518,Calaveras,Calaveras Unified,Jenny Lind Elementary,No ,No ,Not Chronically Absent,454,437,8,3511,65.2,34,0.4,0.4,2289,1194,14,14
2017-18,5,61564,6108518,Calaveras,Calaveras Unified,Jenny Lind Elementary,No ,No ,Chronically Absent,106,106,22.9,2424,59.4,38.6,1.7,0.3,1440,935,42,7
2017-18,5,61564,6108518,Calaveras,Calaveras Unified,Jenny Lind Elementary,No ,No ,Female,251,242,11,2671,64.3,35.6,0,0.1,1717,950,0,4
2017-18,5,61564,6108518,Calaveras,Calaveras Unified,Jenny Lind Elementary,No ,No ,Male,309,301,10.8,3264,61.6,36.1,1.7,0.5,2012,1179,56,17
2017-18,5,61564,6108518,Calaveras,Calaveras Unified,Jenny Lind Elementary,No ,No ,Grades 1-3,222,216,10.8,2338,61.1,36.4,2.4,0.1,1429,851,55,3
2017-18,5,61564,6108518,Calaveras,Calaveras Unified,Jenny Lind Elementary,No ,No ,Kindergarten,105,102,13.2,1346,65.4,34,0,0.7,880,457,0,9
2017-18,5,61564,6108518,Calaveras,Calaveras Unified,Jenny Lind Elementary,No ,No ,Asian,*,*,*,*,*,*,*,*,*,*,*,*
2017-18,5,61564,6108518,Calaveras,Calaveras Unified,Jenny Lind Elementary,No ,No ,African American,*,*,*,*,*,*,*,*,*,*,*,*
2017-18,5,61564,6108518,Calaveras,Calaveras Unified,Jenny Lind Elementary,No ,No ,Did not Report,*,*,*,*,*,*,*,*,*,*,*,*
2017-18,5,61564,6108518,Calaveras,Calaveras Unified,Jenny Lind Elementary,No ,No ,Filipino,*,*,*,*,*,*,*,*,*,*,*,*
2017-18,5,61564,6108518,Calaveras,Calaveras Unified,Jenny Lind Elementary,No ,No ,Hispanic or Latino,128,127,11.9,1507,56.9,41.3,1.1,0.7,858,622,17,10
2017-18,5,61564,6108518,Calaveras,Calaveras Unified,Jenny Lind Elementary,No ,No ,American Indian or Alaska Native,*,*,*,*,*,*,*,*,*,*,*,*
2017-18,5,61564,6108518,Calaveras,Calaveras Unified,Jenny Lind Elementary,No ,No ,Pacific Islander,*,*,*,*,*,*,*,*,*,*,*,*
2017-18,5,61564,6108518,Calaveras,Calaveras Unified,Jenny Lind Elementary,No ,No ,Two or More Races,17,17,13,221,75.1,24.9,0,0,166,55,0,0
2017-18,5,61564,6108518,Calaveras,Calaveras Unified,Jenny Lind Elementary,No ,No ,White,406,391,10.6,4139,64.1,34.6,0.9,0.3,2655,1434,39,11
2017-18,5,61564,6108518,Calaveras,Calaveras Unified,Jenny Lind Elementary,No ,No ,Students with Disabilities,104,102,11.6,1181,59.2,38.4,2,0.4,699,453,24,5
2017-18,5,61564,6108518,Calaveras,Calaveras Unified,Jenny Lind Elementary,No ,No ,Socioeconomically Disadvantaged,322,311,11,3429,58.2,39.7,1.5,0.6,1996,1363,51,19
2017-18,5,61564,6108518,Calaveras,Calaveras Unified,Jenny Lind Elementary,No ,No ,Total,560,543,10.9,5935,62.8,35.9,0.9,0.4,3729,2129,56,21
2022-23,5,61564,6108518,Calaveras,Calaveras Unified,Jenny Lind Elementary,No ,No ,Not Chronically Absent,321,320,9.5,3042,85.7,14.1,0.2,0,2607,430,5,0
2022-23,5,61564,6108518,Calaveras,Calaveras Unified,Jenny Lind Elementary,No ,No ,Chronically Absent,145,145,26.3,3820,81.6,18.2,0.2,0,3117,697,6,0
2022-23,5,61564,6108518,Calaveras,Calaveras Unified,Jenny Lind Elementary,No ,No ,Female,228,227,15.4,3488,83,16.8,0.1,0,2896,587,5,0
2022-23,5,61564,6108518,Calaveras,Calaveras Unified,Jenny Lind Elementary,No ,No ,Male,238,238,14.2,3374,83.8,16,0.2,0,2828,540,6,0
2022-23,5,61564,6108518,Calaveras,Calaveras Unified,Jenny Lind Elementary,No ,No ,Grades 1-3,217,217,13.4,2917,83.3,16.5,0.2,0,2429,482,6,0
2022-23,5,61564,6108518,Calaveras,Calaveras Unified,Jenny Lind Elementary,No ,No ,Kindergarten,103,103,16.5,1699,85.4,14.6,0,0,1451,248,0,0
2022-23,5,61564,6108518,Calaveras,Calaveras Unified,Jenny Lind Elementary,No ,No ,Asian,*,*,*,*,*,*,*,*,*,*,*,*
2022-23,5,61564,6108518,Calaveras,Calaveras Unified,Jenny Lind Elementary,No ,No ,African American,*,*,*,*,*,*,*,*,*,*,*,*
2022-23,5,61564,6108518,Calaveras,Calaveras Unified,Jenny Lind Elementary,No ,No ,Did not Report,*,*,*,*,*,*,*,*,*,*,*,*
2022-23,5,61564,6108518,Calaveras,Calaveras Unified,Jenny Lind Elementary,No ,No ,Filipino,*,*,*,*,*,*,*,*,*,*,*,*
2022-23,5,61564,6108518,Calaveras,Calaveras Unified,Jenny Lind Elementary,No ,No ,Hispanic or Latino,138,138,17.5,2417,80.5,19.3,0.2,0,1946,466,5,0
2022-23,5,61564,6108518,Calaveras,Calaveras Unified,Jenny Lind Elementary,No ,No ,American Indian or Alaska Native,*,*,*,*,*,*,*,*,*,*,*,*
2022-23,5,61564,6108518,Calaveras,Calaveras Unified,Jenny Lind Elementary,No ,No ,Pacific Islander,*,*,*,*,*,*,*,*,*,*,*,*
2022-23,5,61564,6108518,Calaveras,Calaveras Unified,Jenny Lind Elementary,No ,No ,Two or More Races,18,18,16,288,92.7,7.3,0,0,267,21,0,0
2022-23,5,61564,6108518,Calaveras,Calaveras Unified,Jenny Lind Elementary,No ,No ,White,301,300,13.4,4017,84.4,15.5,0.1,0,3389,622,6,0
2022-23,5,61564,6108518,Calaveras,Calaveras Unified,Jenny Lind Elementary,No ,No ,Students with Disabilities,65,65,15.5,1005,81.4,18.1,0.5,0,818,182,5,0
2022-23,5,61564,6108518,Calaveras,Calaveras Unified,Jenny Lind Elementary,No ,No ,Socioeconomically Disadvantaged,213,213,15.4,3278,82.6,17.1,0.3,0,2709,560,9,0
2022-23,5,61564,6108518,Calaveras,Calaveras Unified,Jenny Lind Elementary,No ,No ,Total,466,465,14.8,6862,83.4,16.4,0.2,0,5724,1127,11,0
2017-18,5,61572,6003461,Calaveras,Mark Twain Union Elementary,Mark Twain Elementary,No ,No ,Not Chronically Absent,505,462,7.4,3433,65.1,33.8,0.5,0.6,2236,1159,16,22
2017-18,5,61572,6003461,Calaveras,Mark Twain Union Elementary,Mark Twain Elementary,No ,No ,Chronically Absent,72,72,21.3,1532,49.1,47.5,0.8,2.7,752,727,12,41
2017-18,5,61572,6003461,Calaveras,Mark Twain Union Elementary,Mark Twain Elementary,No ,No ,Female,282,256,8.9,2269,63.3,35.4,0.6,0.7,1436,804,13,16
2017-18,5,61572,6003461,Calaveras,Mark Twain Union Elementary,Mark Twain Elementary,No ,No ,Male,295,278,9.7,2696,57.6,40.1,0.6,1.7,1552,1082,15,47
2017-18,5,61572,6003461,Calaveras,Mark Twain Union Elementary,Mark Twain Elementary,No ,No ,Grades 1-3,145,135,9.7,1304,59.9,40,0.1,0,781,522,1,0
2017-18,5,61572,6003461,Calaveras,Mark Twain Union Elementary,Mark Twain Elementary,No ,No ,Kindergarten,55,54,11.9,645,57.1,42.9,0,0,368,277,0,0
2017-18,5,61572,6003461,Calaveras,Mark Twain Union Elementary,Mark Twain Elementary,No ,No ,Asian,*,*,*,*,*,*,*,*,*,*,*,*
2017-18,5,61572,6003461,Calaveras,Mark Twain Union Elementary,Mark Twain Elementary,No ,No ,African American,*,*,*,*,*,*,*,*,*,*,*,*
2017-18,5,61572,6003461,Calaveras,Mark Twain Union Elementary,Mark Twain Elementary,No ,No ,Did not Report,*,*,*,*,*,*,*,*,*,*,*,*
2017-18,5,61572,6003461,Calaveras,Mark Twain Union Elementary,Mark Twain Elementary,No ,No ,Filipino,*,*,*,*,*,*,*,*,*,*,*,*
2017-18,5,61572,6003461,Calaveras,Mark Twain Union Elementary,Mark Twain Elementary,No ,No ,Hispanic or Latino,115,103,8.3,854,56.1,42.3,0.8,0.8,479,361,7,7
2017-18,5,61572,6003461,Calaveras,Mark Twain Union Elementary,Mark Twain Elementary,No ,No ,American Indian or Alaska Native,*,*,*,*,*,*,*,*,*,*,*,*
2017-18,5,61572,6003461,Calaveras,Mark Twain Union Elementary,Mark Twain Elementary,No ,No ,Pacific Islander,*,*,*,*,*,*,*,*,*,*,*,*
2017-18,5,61572,6003461,Calaveras,Mark Twain Union Elementary,Mark Twain Elementary,No ,No ,Two or More Races,22,20,11.1,221,67,29,0,4.1,148,64,0,9
2017-18,5,61572,6003461,Calaveras,Mark Twain Union Elementary,Mark Twain Elementary,No ,No ,White,419,390,9.6,3740,61.3,37,0.6,1.1,2294,1383,21,42
2017-18,5,61572,6003461,Calaveras,Mark Twain Union Elementary,Mark Twain Elementary,No ,No ,Students with Disabilities,96,92,11.6,1063,58.4,38.2,0.4,3,621,406,4,32
2017-18,5,61572,6003461,Calaveras,Mark Twain Union Elementary,Mark Twain Elementary,No ,No ,Socioeconomically Disadvantaged,374,347,9.5,3292,57.7,41.2,0.6,0.5,1900,1357,19,16
2017-18,5,61572,6003461,Calaveras,Mark Twain Union Elementary,Mark Twain Elementary,No ,No ,Total,577,534,9.3,4965,60.2,38,0.6,1.3,2988,1886,28,63
2022-23,5,61572,6003461,Calaveras,Mark Twain Union Elementary,Mark Twain Elementary,No ,No ,Not Chronically Absent,368,363,8.9,3229,64.3,34,1.8,0,2075,1097,57,0
2022-23,5,61572,6003461,Calaveras,Mark Twain Union Elementary,Mark Twain Elementary,No ,No ,Chronically Absent,185,185,26.3,4870,53.7,43.5,2.1,0.7,2617,2117,101,35
2022-23,5,61572,6003461,Calaveras,Mark Twain Union Elementary,Mark Twain Elementary,No ,No ,Female,268,266,13.9,3702,59.6,38.3,1.2,0.9,2207,1417,43,35
2022-23,5,61572,6003461,Calaveras,Mark Twain Union Elementary,Mark Twain Elementary,No ,No ,Male,285,282,15.6,4397,56.5,40.9,2.6,0,2485,1797,115,0
2022-23,5,61572,6003461,Calaveras,Mark Twain Union Elementary,Mark Twain Elementary,No ,No ,Grades 1-3,150,148,14.4,2126,60.8,38.7,0.5,0,1293,823,10,0
2022-23,5,61572,6003461,Calaveras,Mark Twain Union Elementary,Mark Twain Elementary,No ,No ,Kindergarten,75,75,18.8,1407,63.6,34,0.9,1.4,895,479,13,20
2022-23,5,61572,6003461,Calaveras,Mark Twain Union Elementary,Mark Twain Elementary,No ,No ,Asian,*,*,*,*,*,*,*,*,*,*,*,*
2022-23,5,61572,6003461,Calaveras,Mark Twain Union Elementary,Mark Twain Elementary,No ,No ,African American,*,*,*,*,*,*,*,*,*,*,*,*
2022-23,5,61572,6003461,Calaveras,Mark Twain Union Elementary,Mark Twain Elementary,No ,No ,Did not Report,*,*,*,*,*,*,*,*,*,*,*,*
2022-23,5,61572,6003461,Calaveras,Mark Twain Union Elementary,Mark Twain Elementary,No ,No ,Filipino,*,*,*,*,*,*,*,*,*,*,*,*
2022-23,5,61572,6003461,Calaveras,Mark Twain Union Elementary,Mark Twain Elementary,No ,No ,Hispanic or Latino,120,117,15.5,1817,48.2,49.6,2.2,0,875,902,40,0
2022-23,5,61572,6003461,Calaveras,Mark Twain Union Elementary,Mark Twain Elementary,No ,No ,American Indian or Alaska Native,15,15,14.9,224,62.9,33.9,3.1,0,141,76,7,0
2022-23,5,61572,6003461,Calaveras,Mark Twain Union Elementary,Mark Twain Elementary,No ,No ,Pacific Islander,*,*,*,*,*,*,*,*,*,*,*,*
2022-23,5,61572,6003461,Calaveras,Mark Twain Union Elementary,Mark Twain Elementary,No ,No ,Two or More Races,25,25,15.8,394,57.9,38.8,3.3,0,228,153,13,0
2022-23,5,61572,6003461,Calaveras,Mark Twain Union Elementary,Mark Twain Elementary,No ,No ,White,385,383,14.5,5565,60.7,36.9,1.8,0.6,3379,2053,98,35
2022-23,5,61572,6003461,Calaveras,Mark Twain Union Elementary,Mark Twain Elementary,No ,No ,Students with Disabilities,101,100,18.1,1809,50.7,47.7,1.7,0,917,862,30,0
2022-23,5,61572,6003461,Calaveras,Mark Twain Union Elementary,Mark Twain Elementary,No ,No ,Socioeconomically Disadvantaged,337,334,15.4,5131,55.3,41.9,2.2,0.6,2836,2151,114,30
2022-23,5,61572,6003461,Calaveras,Mark Twain Union Elementary,Mark Twain Elementary,No ,No ,Total,553,548,14.8,8099,57.9,39.7,2,0.4,4692,3214,158,35
2017-18,5,61564,6003404,Calaveras,Calaveras Unified,Mokelumne Hill Elementary,No ,No ,Not Chronically Absent,99,89,6.7,596,71.8,28.2,0,0,428,168,0,0
2017-18,5,61564,6003404,Calaveras,Calaveras Unified,Mokelumne Hill Elementary,No ,No ,Chronically Absent,*,*,*,*,*,*,*,*,*,*,*,*
2017-18,5,61564,6003404,Calaveras,Calaveras Unified,Mokelumne Hill Elementary,No ,No ,Female,60,55,7.6,416,71.4,28.6,0,0,297,119,0,0
2017-18,5,61564,6003404,Calaveras,Calaveras Unified,Mokelumne Hill Elementary,No ,No ,Male,44,39,7,274,69.7,29.9,0.4,0,191,82,1,0
2017-18,5,61564,6003404,Calaveras,Calaveras Unified,Mokelumne Hill Elementary,No ,No ,Grades 1-3,42,37,7.4,273,65.2,34.8,0,0,178,95,0,0
2017-18,5,61564,6003404,Calaveras,Calaveras Unified,Mokelumne Hill Elementary,No ,No ,Kindergarten,17,16,6,96,79.2,20.8,0,0,76,20,0,0
2017-18,5,61564,6003404,Calaveras,Calaveras Unified,Mokelumne Hill Elementary,No ,No ,Asian,*,*,*,*,*,*,*,*,*,*,*,*
2017-18,5,61564,6003404,Calaveras,Calaveras Unified,Mokelumne Hill Elementary,No ,No ,African American,*,*,*,*,*,*,*,*,*,*,*,*
2017-18,5,61564,6003404,Calaveras,Calaveras Unified,Mokelumne Hill Elementary,No ,No ,Did not Report,*,*,*,*,*,*,*,*,*,*,*,*
2017-18,5,61564,6003404,Calaveras,Calaveras Unified,Mokelumne Hill Elementary,No ,No ,Filipino,*,*,*,*,*,*,*,*,*,*,*,*
2017-18,5,61564,6003404,Calaveras,Calaveras Unified,Mokelumne Hill Elementary,No ,No ,Hispanic or Latino,18,17,7.6,130,76.9,23.1,0,0,100,30,0,0
2017-18,5,61564,6003404,Calaveras,Calaveras Unified,Mokelumne Hill Elementary,No ,No ,American Indian or Alaska Native,*,*,*,*,*,*,*,*,*,*,*,*
2017-18,5,61564,6003404,Calaveras,Calaveras Unified,Mokelumne Hill Elementary,No ,No ,Pacific Islander,*,*,*,*,*,*,*,*,*,*,*,*
2017-18,5,61564,6003404,Calaveras,Calaveras Unified,Mokelumne Hill Elementary,No ,No ,Two or More Races,*,*,*,*,*,*,*,*,*,*,*,*
2017-18,5,61564,6003404,Calaveras,Calaveras Unified,Mokelumne Hill Elementary,No ,No ,White,75,66,7.4,486,68.7,31.1,0.2,0,334,151,1,0
2017-18,5,61564,6003404,Calaveras,Calaveras Unified,Mokelumne Hill Elementary,No ,No ,Students with Disabilities,30,29,8.1,236,64.8,34.7,0.4,0,153,82,1,0
2017-18,5,61564,6003404,Calaveras,Calaveras Unified,Mokelumne Hill Elementary,No ,No ,Socioeconomically Disadvantaged,58,52,7.9,410,71.2,28.5,0.2,0,292,117,1,0
2017-18,5,61564,6003404,Calaveras,Calaveras Unified,Mokelumne Hill Elementary,No ,No ,Total,104,94,7.3,690,70.7,29.1,0.1,0,488,201,1,0
2022-23,5,61564,6003404,Calaveras,Calaveras Unified,Mokelumne Hill Elementary,No ,No ,Not Chronically Absent,76,76,10.4,793,72,27.6,0.4,0,571,219,3,0
2022-23,5,61564,6003404,Calaveras,Calaveras Unified,Mokelumne Hill Elementary,No ,No ,Chronically Absent,100,100,25.5,2547,62.7,37.3,0.1,0,1596,949,2,0
2022-23,5,61564,6003404,Calaveras,Calaveras Unified,Mokelumne Hill Elementary,No ,No ,Female,85,85,19.2,1631,64.6,35.3,0.1,0,1054,575,2,0
2022-23,5,61564,6003404,Calaveras,Calaveras Unified,Mokelumne Hill Elementary,No ,No ,Male,91,91,18.8,1709,65.1,34.7,0.2,0,1113,593,3,0
2022-23,5,61564,6003404,Calaveras,Calaveras Unified,Mokelumne Hill Elementary,No ,No ,Grades 1-3,73,73,19.2,1399,65.4,34.5,0.1,0,915,483,1,0
2022-23,5,61564,6003404,Calaveras,Calaveras Unified,Mokelumne Hill Elementary,No ,No ,Kindergarten,27,27,21,568,67.8,32,0.2,0,385,182,1,0
2022-23,5,61564,6003404,Calaveras,Calaveras Unified,Mokelumne Hill Elementary,No ,No ,Asian,*,*,*,*,*,*,*,*,*,*,*,*
2022-23,5,61564,6003404,Calaveras,Calaveras Unified,Mokelumne Hill Elementary,No ,No ,African American,*,*,*,*,*,*,*,*,*,*,*,*
2022-23,5,61564,6003404,Calaveras,Calaveras Unified,Mokelumne Hill Elementary,No ,No ,Did not Report,*,*,*,*,*,*,*,*,*,*,*,*
2022-23,5,61564,6003404,Calaveras,Calaveras Unified,Mokelumne Hill Elementary,No ,No ,Filipino,*,*,*,*,*,*,*,*,*,*,*,*
2022-23,5,61564,6003404,Calaveras,Calaveras Unified,Mokelumne Hill Elementary,No ,No ,Hispanic or Latino,25,25,24.9,623,54.9,44.9,0.2,0,342,280,1,0
2022-23,5,61564,6003404,Calaveras,Calaveras Unified,Mokelumne Hill Elementary,No ,No ,American Indian or Alaska Native,*,*,*,*,*,*,*,*,*,*,*,*
2022-23,5,61564,6003404,Calaveras,Calaveras Unified,Mokelumne Hill Elementary,No ,No ,Pacific Islander,*,*,*,*,*,*,*,*,*,*,*,*
2022-23,5,61564,6003404,Calaveras,Calaveras Unified,Mokelumne Hill Elementary,No ,No ,Two or More Races,12,12,19.2,230,52.2,46.5,1.3,0,120,107,3,0
2022-23,5,61564,6003404,Calaveras,Calaveras Unified,Mokelumne Hill Elementary,No ,No ,White,137,137,18,2466,68.4,31.6,0,0,1686,779,1,0
2022-23,5,61564,6003404,Calaveras,Calaveras Unified,Mokelumne Hill Elementary,No ,No ,Students with Disabilities,36,36,15.7,564,63.7,35.6,0.7,0,359,201,4,0
2022-23,5,61564,6003404,Calaveras,Calaveras Unified,Mokelumne Hill Elementary,No ,No ,Socioeconomically Disadvantaged,108,108,21.2,2289,61.6,38.3,0.1,0,1409,877,3,0
2022-23,5,61564,6003404,Calaveras,Calaveras Unified,Mokelumne Hill Elementary,No ,No ,Total,176,176,19,3340,64.9,35,0.1,0,2167,1168,5,0
2017-18,5,10058,530154,Calaveras,Calaveras County Office of Education,Mountain Oaks,Yes,No ,Not Chronically Absent,528,34,5.7,193,0,0,0,100,0,0,0,193
2017-18,5,10058,530154,Calaveras,Calaveras County Office of Education,Mountain Oaks,Yes,No ,Chronically Absent,17,17,21.5,366,0,0,0,100,0,0,0,366
2017-18,5,10058,530154,Calaveras,Calaveras County Office of Education,Mountain Oaks,Yes,No ,Female,245,17,13.6,232,0,0,0,100,0,0,0,232
2017-18,5,10058,530154,Calaveras,Calaveras County Office of Education,Mountain Oaks,Yes,No ,Male,300,34,9.6,327,0,0,0,100,0,0,0,327
2017-18,5,10058,530154,Calaveras,Calaveras County Office of Education,Mountain Oaks,Yes,No ,Grades 1-3,81,4,18.5,74,0,0,0,100,0,0,0,74
2017-18,5,10058,530154,Calaveras,Calaveras County Office of Education,Mountain Oaks,Yes,No ,Kindergarten,35,3,6.3,19,0,0,0,100,0,0,0,19
2017-18,5,10058,530154,Calaveras,Calaveras County Office of Education,Mountain Oaks,Yes,No ,Asian,*,*,*,*,*,*,*,*,*,*,*,*
2017-18,5,10058,530154,Calaveras,Calaveras County Office of Education,Mountain Oaks,Yes,No ,African American,*,*,*,*,*,*,*,*,*,*,*,*
2017-18,5,10058,530154,Calaveras,Calaveras County Office of Education,Mountain Oaks,Yes,No ,Did not Report,*,*,*,*,*,*,*,*,*,*,*,*
2017-18,5,10058,530154,Calaveras,Calaveras County Office of Education,Mountain Oaks,Yes,No ,Filipino,*,*,*,*,*,*,*,*,*,*,*,*
2017-18,5,10058,530154,Calaveras,Calaveras County Office of Education,Mountain Oaks,Yes,No ,Hispanic or Latino,90,12,13.3,159,0,0,0,100,0,0,0,159
2017-18,5,10058,530154,Calaveras,Calaveras County Office of Education,Mountain Oaks,Yes,No ,American Indian or Alaska Native,*,*,*,*,*,*,*,*,*,*,*,*
2017-18,5,10058,530154,Calaveras,Calaveras County Office of Education,Mountain Oaks,Yes,No ,Pacific Islander,*,*,*,*,*,*,*,*,*,*,*,*
2017-18,5,10058,530154,Calaveras,Calaveras County Office of Education,Mountain Oaks,Yes,No ,Two or More Races,51,6,13.5,81,0,0,0,100,0,0,0,81
2017-18,5,10058,530154,Calaveras,Calaveras County Office of Education,Mountain Oaks,Yes,No ,White,391,30,8.6,259,0,0,0,100,0,0,0,259
2017-18,5,10058,530154,Calaveras,Calaveras County Office of Education,Mountain Oaks,Yes,No ,Students with Disabilities,135,20,11.4,227,0,0,0,100,0,0,0,227
2017-18,5,10058,530154,Calaveras,Calaveras County Office of Education,Mountain Oaks,Yes,No ,Socioeconomically Disadvantaged,295,36,10.5,378,0,0,0,100,0,0,0,378
2017-18,5,10058,530154,Calaveras,Calaveras County Office of Education,Mountain Oaks,Yes,No ,Total,545,51,11,559,0,0,0,100,0,0,0,559
2022-23,5,10058,530154,Calaveras,Calaveras County Office of Education,Mountain Oaks,Yes,No ,Not Chronically Absent,446,49,5,245,0,100,0,0,0,245,0,0
2022-23,5,10058,530154,Calaveras,Calaveras County Office of Education,Mountain Oaks,Yes,No ,Chronically Absent,29,29,22.5,653,0,100,0,0,0,653,0,0
2022-23,5,10058,530154,Calaveras,Calaveras County Office of Education,Mountain Oaks,Yes,No ,Female,242,37,12.2,450,0,100,0,0,0,450,0,0
2022-23,5,10058,530154,Calaveras,Calaveras County Office of Education,Mountain Oaks,Yes,No ,Male,233,41,10.9,448,0,100,0,0,0,448,0,0
2022-23,5,10058,530154,Calaveras,Calaveras County Office of Education,Mountain Oaks,Yes,No ,Grades 1-3,82,9,10,90,0,100,0,0,0,90,0,0
2022-23,5,10058,530154,Calaveras,Calaveras County Office of Education,Mountain Oaks,Yes,No ,Kindergarten,35,4,16.3,65,0,100,0,0,0,65,0,0
2022-23,5,10058,530154,Calaveras,Calaveras County Office of Education,Mountain Oaks,Yes,No ,Asian,*,*,*,*,*,*,*,*,*,*,*,*
2022-23,5,10058,530154,Calaveras,Calaveras County Office of Education,Mountain Oaks,Yes,No ,African American,*,*,*,*,*,*,*,*,*,*,*,*
2022-23,5,10058,530154,Calaveras,Calaveras County Office of Education,Mountain Oaks,Yes,No ,Did not Report,*,*,*,*,*,*,*,*,*,*,*,*
2022-23,5,10058,530154,Calaveras,Calaveras County Office of Education,Mountain Oaks,Yes,No ,Filipino,*,*,*,*,*,*,*,*,*,*,*,*
2022-23,5,10058,530154,Calaveras,Calaveras County Office of Education,Mountain Oaks,Yes,No ,Hispanic or Latino,86,27,12.6,340,0,100,0,0,0,340,0,0
2022-23,5,10058,530154,Calaveras,Calaveras County Office of Education,Mountain Oaks,Yes,No ,American Indian or Alaska Native,*,*,*,*,*,*,*,*,*,*,*,*
2022-23,5,10058,530154,Calaveras,Calaveras County Office of Education,Mountain Oaks,Yes,No ,Pacific Islander,*,*,*,*,*,*,*,*,*,*,*,*
2022-23,5,10058,530154,Calaveras,Calaveras County Office of Education,Mountain Oaks,Yes,No ,Two or More Races,33,1,1,1,0,100,0,0,0,1,0,0
2022-23,5,10058,530154,Calaveras,Calaveras County Office of Education,Mountain Oaks,Yes,No ,White,339,48,11,527,0,100,0,0,0,527,0,0
2022-23,5,10058,530154,Calaveras,Calaveras County Office of Education,Mountain Oaks,Yes,No ,Students with Disabilities,123,27,12.6,341,0,100,0,0,0,341,0,0
2022-23,5,10058,530154,Calaveras,Calaveras County Office of Education,Mountain Oaks,Yes,No ,Socioeconomically Disadvantaged,256,52,12.2,633,0,100,0,0,0,633,0,0
2022-23,5,10058,530154,Calaveras,Calaveras County Office of Education,Mountain Oaks,Yes,No ,Total,475,78,11.5,898,0,100,0,0,0,898,0,0
2017-18,5,10058,9010745,Calaveras,Calaveras County Office of Education,Oakendell Community,No ,Yes,Not Chronically Absent,19,14,2.6,36,100,0,0,0,36,0,0,0
2017-18,5,10058,9010745,Calaveras,Calaveras County Office of Education,Oakendell Community,No ,Yes,Chronically Absent,*,*,*,*,*,*,*,*,*,*,*,*
2017-18,5,10058,9010745,Calaveras,Calaveras County Office of Education,Oakendell Community,No ,Yes,Male,20,15,3.4,51,78.4,21.6,0,0,40,11,0,0
2017-18,5,10058,9010745,Calaveras,Calaveras County Office of Education,Oakendell Community,No ,Yes,Asian,*,*,*,*,*,*,*,*,*,*,*,*
2017-18,5,10058,9010745,Calaveras,Calaveras County Office of Education,Oakendell Community,No ,Yes,African American,*,*,*,*,*,*,*,*,*,*,*,*
2017-18,5,10058,9010745,Calaveras,Calaveras County Office of Education,Oakendell Community,No ,Yes,Did not Report,*,*,*,*,*,*,*,*,*,*,*,*
2017-18,5,10058,9010745,Calaveras,Calaveras County Office of Education,Oakendell Community,No ,Yes,Filipino,*,*,*,*,*,*,*,*,*,*,*,*
2017-18,5,10058,9010745,Calaveras,Calaveras County Office of Education,Oakendell Community,No ,Yes,Hispanic or Latino,*,*,*,*,*,*,*,*,*,*,*,*
2017-18,5,10058,9010745,Calaveras,Calaveras County Office of Education,Oakendell Community,No ,Yes,American Indian or Alaska Native,*,*,*,*,*,*,*,*,*,*,*,*
2017-18,5,10058,9010745,Calaveras,Calaveras County Office of Education,Oakendell Community,No ,Yes,Pacific Islander,*,*,*,*,*,*,*,*,*,*,*,*
2017-18,5,10058,9010745,Calaveras,Calaveras County Office of Education,Oakendell Community,No ,Yes,Two or More Races,*,*,*,*,*,*,*,*,*,*,*,*
2017-18,5,10058,9010745,Calaveras,Calaveras County Office of Education,Oakendell Community,No ,Yes,White,*,*,*,*,*,*,*,*,*,*,*,*
2017-18,5,10058,9010745,Calaveras,Calaveras County Office of Education,Oakendell Community,No ,Yes,Students with Disabilities,13,11,3.1,34,67.6,32.4,0,0,23,11,0,0
2017-18,5,10058,9010745,Calaveras,Calaveras County Office of Education,Oakendell Community,No ,Yes,Socioeconomically Disadvantaged,19,14,2.6,36,100,0,0,0,36,0,0,0
2017-18,5,10058,9010745,Calaveras,Calaveras County Office of Education,Oakendell Community,No ,Yes,Total,20,15,3.4,51,78.4,21.6,0,0,40,11,0,0
2022-23,5,10058,9010745,Calaveras,Calaveras County Office of Education,Oakendell Community,No ,Yes,Not Chronically Absent,15,13,7.8,102,95.1,4.9,0,0,97,5,0,0
2022-23,5,10058,9010745,Calaveras,Calaveras County Office of Education,Oakendell Community,No ,Yes,Chronically Absent,*,*,*,*,*,*,*,*,*,*,*,*
2022-23,5,10058,9010745,Calaveras,Calaveras County Office of Education,Oakendell Community,No ,Yes,Male,18,16,11.3,180,85.6,14.4,0,0,154,26,0,0
2022-23,5,10058,9010745,Calaveras,Calaveras County Office of Education,Oakendell Community,No ,Yes,Asian,*,*,*,*,*,*,*,*,*,*,*,*
2022-23,5,10058,9010745,Calaveras,Calaveras County Office of Education,Oakendell Community,No ,Yes,African American,*,*,*,*,*,*,*,*,*,*,*,*
2022-23,5,10058,9010745,Calaveras,Calaveras County Office of Education,Oakendell Community,No ,Yes,Did not Report,*,*,*,*,*,*,*,*,*,*,*,*
2022-23,5,10058,9010745,Calaveras,Calaveras County Office of Education,Oakendell Community,No ,Yes,Filipino,*,*,*,*,*,*,*,*,*,*,*,*
2022-23,5,10058,9010745,Calaveras,Calaveras County Office of Education,Oakendell Community,No ,Yes,Hispanic or Latino,*,*,*,*,*,*,*,*,*,*,*,*
2022-23,5,10058,9010745,Calaveras,Calaveras County Office of Education,Oakendell Community,No ,Yes,American Indian or Alaska Native,*,*,*,*,*,*,*,*,*,*,*,*
2022-23,5,10058,9010745,Calaveras,Calaveras County Office of Education,Oakendell Community,No ,Yes,Pacific Islander,*,*,*,*,*,*,*,*,*,*,*,*
2022-23,5,10058,9010745,Calaveras,Calaveras County Office of Education,Oakendell Community,No ,Yes,Two or More Races,*,*,*,*,*,*,*,*,*,*,*,*
2022-23,5,10058,9010745,Calaveras,Calaveras County Office of Education,Oakendell Community,No ,Yes,White,*,*,*,*,*,*,*,*,*,*,*,*
2022-23,5,10058,9010745,Calaveras,Calaveras County Office of Education,Oakendell Community,No ,Yes,Students with Disabilities,*,*,*,*,*,*,*,*,*,*,*,*
2022-23,5,10058,9010745,Calaveras,Calaveras County Office of Education,Oakendell Community,No ,Yes,Socioeconomically Disadvantaged,18,16,11.3,180,85.6,14.4,0,0,154,26,0,0
2022-23,5,10058,9010745,Calaveras,Calaveras County Office of Education,Oakendell Community,No ,Yes,Total,18,16,11.3,180,85.6,14.4,0,0,154,26,0,0
2017-18,5,61564,6003438,Calaveras,Calaveras Unified,San Andreas Elementary,No ,No ,Not Chronically Absent,223,212,8.1,1720,58.4,41,0.3,0.3,1005,705,5,5
2017-18,5,61564,6003438,Calaveras,Calaveras Unified,San Andreas Elementary,No ,No ,Chronically Absent,68,68,21.6,1470,49.7,49.6,0.5,0.3,730,729,7,4
2017-18,5,61564,6003438,Calaveras,Calaveras Unified,San Andreas Elementary,No ,No ,Female,131,125,11.8,1469,51.4,48.3,0.1,0.2,755,710,1,3
2017-18,5,61564,6003438,Calaveras,Calaveras Unified,San Andreas Elementary,No ,No ,Male,160,155,11.1,1721,56.9,42.1,0.6,0.3,980,724,11,6
2017-18,5,61564,6003438,Calaveras,Calaveras Unified,San Andreas Elementary,No ,No ,Grades 1-3,132,128,10.6,1363,57,42.6,0.1,0.3,777,580,2,4
2017-18,5,61564,6003438,Calaveras,Calaveras Unified,San Andreas Elementary,No ,No ,Kindergarten,59,57,13,741,54.1,45.9,0,0,401,340,0,0
2017-18,5,61564,6003438,Calaveras,Calaveras Unified,San Andreas Elementary,No ,No ,Asian,*,*,*,*,*,*,*,*,*,*,*,*
2017-18,5,61564,6003438,Calaveras,Calaveras Unified,San Andreas Elementary,No ,No ,African American,*,*,*,*,*,*,*,*,*,*,*,*
2017-18,5,61564,6003438,Calaveras,Calaveras Unified,San Andreas Elementary,No ,No ,Did not Report,*,*,*,*,*,*,*,*,*,*,*,*
2017-18,5,61564,6003438,Calaveras,Calaveras Unified,San Andreas Elementary,No ,No ,Filipino,*,*,*,*,*,*,*,*,*,*,*,*
2017-18,5,61564,6003438,Calaveras,Calaveras Unified,San Andreas Elementary,No ,No ,Hispanic or Latino,59,58,11.9,690,44.8,55.1,0.1,0,309,380,1,0
2017-18,5,61564,6003438,Calaveras,Calaveras Unified,San Andreas Elementary,No ,No ,American Indian or Alaska Native,*,*,*,*,*,*,*,*,*,*,*,*
2017-18,5,61564,6003438,Calaveras,Calaveras Unified,San Andreas Elementary,No ,No ,Pacific Islander,*,*,*,*,*,*,*,*,*,*,*,*
2017-18,5,61564,6003438,Calaveras,Calaveras Unified,San Andreas Elementary,No ,No ,Two or More Races,29,29,8.6,248,57.7,42.3,0,0,143,105,0,0
2017-18,5,61564,6003438,Calaveras,Calaveras Unified,San Andreas Elementary,No ,No ,White,192,182,11.3,2058,58.6,40.5,0.5,0.4,1205,833,11,9
2017-18,5,61564,6003438,Calaveras,Calaveras Unified,San Andreas Elementary,No ,No ,Students with Disabilities,81,79,13.2,1040,57.5,42.5,0,0,598,442,0,0
2017-18,5,61564,6003438,Calaveras,Calaveras Unified,San Andreas Elementary,No ,No ,Socioeconomically Disadvantaged,223,213,12.4,2642,54.2,45.1,0.4,0.3,1433,1191,11,7
2017-18,5,61564,6003438,Calaveras,Calaveras Unified,San Andreas Elementary,No ,No ,Total,291,280,11.4,3190,54.4,45,0.4,0.3,1735,1434,12,9
2022-23,5,61564,6003438,Calaveras,Calaveras Unified,San Andreas Elementary,No ,No ,Not Chronically Absent,178,177,9.6,1700,70.5,29.4,0.1,0,1198,500,2,0
2022-23,5,61564,6003438,Calaveras,Calaveras Unified,San Andreas Elementary,No ,No ,Chronically Absent,167,167,25.5,4264,59.6,40.1,0.3,0,2543,1709,12,0
2022-23,5,61564,6003438,Calaveras,Calaveras Unified,San Andreas Elementary,No ,No ,Female,156,156,17.1,2675,63.2,36.5,0.3,0,1691,977,7,0
2022-23,5,61564,6003438,Calaveras,Calaveras Unified,San Andreas Elementary,No ,No ,Male,189,188,17.5,3289,62.3,37.5,0.2,0,2050,1232,7,0
2022-23,5,61564,6003438,Calaveras,Calaveras Unified,San Andreas Elementary,No ,No ,Grades 1-3,142,142,15.7,2230,64.6,35.4,0,0,1440,789,1,0
2022-23,5,61564,6003438,Calaveras,Calaveras Unified,San Andreas Elementary,No ,No ,Kindergarten,71,71,19.9,1412,69.6,30.4,0,0,983,429,0,0
2022-23,5,61564,6003438,Calaveras,Calaveras Unified,San Andreas Elementary,No ,No ,Asian,*,*,*,*,*,*,*,*,*,*,*,*
2022-23,5,61564,6003438,Calaveras,Calaveras Unified,San Andreas Elementary,No ,No ,African American,*,*,*,*,*,*,*,*,*,*,*,*
2022-23,5,61564,6003438,Calaveras,Calaveras Unified,San Andreas Elementary,No ,No ,Did not Report,*,*,*,*,*,*,*,*,*,*,*,*
2022-23,5,61564,6003438,Calaveras,Calaveras Unified,San Andreas Elementary,No ,No ,Filipino,*,*,*,*,*,*,*,*,*,*,*,*
2022-23,5,61564,6003438,Calaveras,Calaveras Unified,San Andreas Elementary,No ,No ,Hispanic or Latino,80,80,18.2,1453,57.8,42.1,0.1,0,840,612,1,0
2022-23,5,61564,6003438,Calaveras,Calaveras Unified,San Andreas Elementary,No ,No ,American Indian or Alaska Native,*,*,*,*,*,*,*,*,*,*,*,*
2022-23,5,61564,6003438,Calaveras,Calaveras Unified,San Andreas Elementary,No ,No ,Pacific Islander,*,*,*,*,*,*,*,*,*,*,*,*
2022-23,5,61564,6003438,Calaveras,Calaveras Unified,San Andreas Elementary,No ,No ,Two or More Races,28,28,14.4,402,64.9,34.6,0.5,0,261,139,2,0
2022-23,5,61564,6003438,Calaveras,Calaveras Unified,San Andreas Elementary,No ,No ,White,229,228,17.7,4033,63.9,35.8,0.3,0,2579,1443,11,0
2022-23,5,61564,6003438,Calaveras,Calaveras Unified,San Andreas Elementary,No ,No ,Students with Disabilities,96,96,21.7,2080,64.2,35.2,0.6,0,1335,733,12,0
2022-23,5,61564,6003438,Calaveras,Calaveras Unified,San Andreas Elementary,No ,No ,Socioeconomically Disadvantaged,257,257,18.2,4674,60.2,39.6,0.2,0,2814,1850,10,0
2022-23,5,61564,6003438,Calaveras,Calaveras Unified,San Andreas Elementary,No ,No ,Total,345,344,17.3,5964,62.7,37,0.2,0,3741,2209,14,0
2017-18,5,61564,6105431,Calaveras,Calaveras Unified,Toyon Middle,No ,No ,Not Chronically Absent,388,365,7.5,2746,66.4,30.9,2,0.7,1823,849,54,20
2017-18,5,61564,6105431,Calaveras,Calaveras Unified,Toyon Middle,No ,No ,Chronically Absent,79,79,27.5,2175,46.9,48.9,2.9,1.2,1021,1064,63,27
2017-18,5,61564,6105431,Calaveras,Calaveras Unified,Toyon Middle,No ,No ,Female,227,216,10.5,2273,59.1,38.5,1.6,0.8,1343,876,36,18
2017-18,5,61564,6105431,Calaveras,Calaveras Unified,Toyon Middle,No ,No ,Male,240,228,11.6,2648,56.7,39.2,3.1,1.1,1501,1037,81,29
2017-18,5,61564,6105431,Calaveras,Calaveras Unified,Toyon Middle,No ,No ,Asian,*,*,*,*,*,*,*,*,*,*,*,*
2017-18,5,61564,6105431,Calaveras,Calaveras Unified,Toyon Middle,No ,No ,African American,*,*,*,*,*,*,*,*,*,*,*,*
2017-18,5,61564,6105431,Calaveras,Calaveras Unified,Toyon Middle,No ,No ,Did not Report,*,*,*,*,*,*,*,*,*,*,*,*
2017-18,5,61564,6105431,Calaveras,Calaveras Unified,Toyon Middle,No ,No ,Filipino,*,*,*,*,*,*,*,*,*,*,*,*
2017-18,5,61564,6105431,Calaveras,Calaveras Unified,Toyon Middle,No ,No ,Hispanic or Latino,96,93,11.1,1032,56.4,39.1,3.6,0.9,582,404,37,9
2017-18,5,61564,6105431,Calaveras,Calaveras Unified,Toyon Middle,No ,No ,American Indian or Alaska Native,*,*,*,*,*,*,*,*,*,*,*,*
2017-18,5,61564,6105431,Calaveras,Calaveras Unified,Toyon Middle,No ,No ,Pacific Islander,*,*,*,*,*,*,*,*,*,*,*,*
2017-18,5,61564,6105431,Calaveras,Calaveras Unified,Toyon Middle,No ,No ,Two or More Races,19,19,13.4,255,36.5,52.5,7.5,3.5,93,134,19,9
2017-18,5,61564,6105431,Calaveras,Calaveras Unified,Toyon Middle,No ,No ,White,328,311,11.1,3460,60.1,37.4,1.8,0.8,2079,1293,61,27
2017-18,5,61564,6105431,Calaveras,Calaveras Unified,Toyon Middle,No ,No ,Students with Disabilities,77,77,11.8,908,65.1,29.7,3.1,2.1,591,270,28,19
2017-18,5,61564,6105431,Calaveras,Calaveras Unified,Toyon Middle,No ,No ,Socioeconomically Disadvantaged,282,274,12.4,3387,51.8,44.7,2.8,0.7,1754,1515,94,24
2017-18,5,61564,6105431,Calaveras,Calaveras Unified,Toyon Middle,No ,No ,Total,467,444,11.1,4921,57.8,38.9,2.4,1,2844,1913,117,47
2022-23,5,61564,6105431,Calaveras,Calaveras Unified,Toyon Middle,No ,No ,Not Chronically Absent,288,288,10.7,3070.4,80.5,16.5,3,0,2470.4,507.2,92.8,0
2022-23,5,61564,6105431,Calaveras,Calaveras Unified,Toyon Middle,No ,No ,Chronically Absent,268,268,27.5,7367.9,66.4,30.6,3,0,4894,2253.5,220.5,0
2022-23,5,61564,6105431,Calaveras,Calaveras Unified,Toyon Middle,No ,No ,Female,246,246,18.6,4575.3,70.4,28.5,1.1,0,3221,1305.8,48.5,0
2022-23,5,61564,6105431,Calaveras,Calaveras Unified,Toyon Middle,No ,No ,Male,310,310,18.9,5863,70.7,24.8,4.5,0,4143.4,1454.8,264.9,0
2022-23,5,61564,6105431,Calaveras,Calaveras Unified,Toyon Middle,No ,No ,Asian,*,*,*,*,*,*,*,*,*,*,*,*
2022-23,5,61564,6105431,Calaveras,Calaveras Unified,Toyon Middle,No ,No ,African American,*,*,*,*,*,*,*,*,*,*,*,*
2022-23,5,61564,6105431,Calaveras,Calaveras Unified,Toyon Middle,No ,No ,Did not Report,*,*,*,*,*,*,*,*,*,*,*,*
2022-23,5,61564,6105431,Calaveras,Calaveras Unified,Toyon Middle,No ,No ,Filipino,*,*,*,*,*,*,*,*,*,*,*,*
2022-23,5,61564,6105431,Calaveras,Calaveras Unified,Toyon Middle,No ,No ,Hispanic or Latino,158,158,18.7,2957.7,65.4,31.6,3,0,1933.6,934.8,89.3,0
2022-23,5,61564,6105431,Calaveras,Calaveras Unified,Toyon Middle,No ,No ,American Indian or Alaska Native,*,*,*,*,*,*,*,*,*,*,*,*
2022-23,5,61564,6105431,Calaveras,Calaveras Unified,Toyon Middle,No ,No ,Pacific Islander,*,*,*,*,*,*,*,*,*,*,*,*
2022-23,5,61564,6105431,Calaveras,Calaveras Unified,Toyon Middle,No ,No ,Two or More Races,47,47,16.4,772.3,78.5,19.2,2.4,0,605.9,148.2,18.2,0
2022-23,5,61564,6105431,Calaveras,Calaveras Unified,Toyon Middle,No ,No ,White,335,335,19,6350.8,72.2,24.8,3,0,4584.4,1573.3,193.2,0
2022-23,5,61564,6105431,Calaveras,Calaveras Unified,Toyon Middle,No ,No ,Students with Disabilities,110,110,21.3,2344.9,70.9,24.9,4.3,0,1661.6,582.9,100.5,0
2022-23,5,61564,6105431,Calaveras,Calaveras Unified,Toyon Middle,No ,No ,Socioeconomically Disadvantaged,292,292,20.5,5999.3,66.3,30.7,3.1,0,3974.9,1839.2,185.2,0
2022-23,5,61564,6105431,Calaveras,Calaveras Unified,Toyon Middle,No ,No ,Total,556,556,18.8,10438.3,70.6,26.4,3,0,7364.4,2760.6,313.3,0
2017-18,5,61556,530014,Calaveras,Bret Harte Union High,Vallecito Continuation High,No ,Yes,Not Chronically Absent,13,13,7.5,97.8,60.8,34,5.2,0,59.4,33.3,5.1,0
2017-18,5,61556,530014,Calaveras,Bret Harte Union High,Vallecito Continuation High,No ,Yes,Chronically Absent,25,25,33.5,837.9,23,75,2,0,192.4,628.7,16.8,0
2017-18,5,61556,530014,Calaveras,Bret Harte Union High,Vallecito Continuation High,No ,Yes,Female,13,13,18.3,238.2,39.3,60.7,0,0,93.7,144.5,0,0
2017-18,5,61556,530014,Calaveras,Bret Harte Union High,Vallecito Continuation High,No ,Yes,Male,25,25,27.9,697.4,22.7,74.2,3.1,0,158,517.4,21.9,0
2017-18,5,61556,530014,Calaveras,Bret Harte Union High,Vallecito Continuation High,No ,Yes,Asian,*,*,*,*,*,*,*,*,*,*,*,*
2017-18,5,61556,530014,Calaveras,Bret Harte Union High,Vallecito Continuation High,No ,Yes,African American,*,*,*,*,*,*,*,*,*,*,*,*
2017-18,5,61556,530014,Calaveras,Bret Harte Union High,Vallecito Continuation High,No ,Yes,Did not Report,*,*,*,*,*,*,*,*,*,*,*,*
2017-18,5,61556,530014,Calaveras,Bret Harte Union High,Vallecito Continuation High,No ,Yes,Filipino,*,*,*,*,*,*,*,*,*,*,*,*
2017-18,5,61556,530014,Calaveras,Bret Harte Union High,Vallecito Continuation High,No ,Yes,Hispanic or Latino,*,*,*,*,*,*,*,*,*,*,*,*
2017-18,5,61556,530014,Calaveras,Bret Harte Union High,Vallecito Continuation High,No ,Yes,American Indian or Alaska Native,*,*,*,*,*,*,*,*,*,*,*,*
2017-18,5,61556,530014,Calaveras,Bret Harte Union High,Vallecito Continuation High,No ,Yes,Pacific Islander,*,*,*,*,*,*,*,*,*,*,*,*
2017-18,5,61556,530014,Calaveras,Bret Harte Union High,Vallecito Continuation High,No ,Yes,Two or More Races,*,*,*,*,*,*,*,*,*,*,*,*
2017-18,5,61556,530014,Calaveras,Bret Harte Union High,Vallecito Continuation High,No ,Yes,White,28,28,26.7,746.8,24.8,72.9,2.3,0,185.2,544.8,16.8,0
2017-18,5,61556,530014,Calaveras,Bret Harte Union High,Vallecito Continuation High,No ,Yes,Students with Disabilities,*,*,*,*,*,*,*,*,*,*,*,*
2017-18,5,61556,530014,Calaveras,Bret Harte Union High,Vallecito Continuation High,No ,Yes,Socioeconomically Disadvantaged,27,27,23.5,634.6,28.1,68.5,3.5,0,178.1,434.6,21.9,0
2017-18,5,61556,530014,Calaveras,Bret Harte Union High,Vallecito Continuation High,No ,Yes,Total,38,38,24.6,935.6,26.9,70.8,2.3,0,251.7,661.9,21.9,0
2022-23,5,61556,530014,Calaveras,Bret Harte Union High,Vallecito Continuation High,No ,Yes,Not Chronically Absent,25,18,4.9,88,27.3,72.7,0,0,24,64,0,0
2022-23,5,61556,530014,Calaveras,Bret Harte Union High,Vallecito Continuation High,No ,Yes,Chronically Absent,55,55,38.5,2118,10.7,88.3,1,0,226,1870,22,0
2022-23,5,61556,530014,Calaveras,Bret Harte Union High,Vallecito Continuation High,No ,Yes,Female,39,36,28.2,1015,12.3,87.2,0.5,0,125,885,5,0
2022-23,5,61556,530014,Calaveras,Bret Harte Union High,Vallecito Continuation High,No ,Yes,Male,41,37,32.2,1191,10.5,88.1,1.4,0,125,1049,17,0
2022-23,5,61556,530014,Calaveras,Bret Harte Union High,Vallecito Continuation High,No ,Yes,Asian,*,*,*,*,*,*,*,*,*,*,*,*
2022-23,5,61556,530014,Calaveras,Bret Harte Union High,Vallecito Continuation High,No ,Yes,African American,*,*,*,*,*,*,*,*,*,*,*,*
2022-23,5,61556,530014,Calaveras,Bret Harte Union High,Vallecito Continuation High,No ,Yes,Did not Report,*,*,*,*,*,*,*,*,*,*,*,*
2022-23,5,61556,530014,Calaveras,Bret Harte Union High,Vallecito Continuation High,No ,Yes,Filipino,*,*,*,*,*,*,*,*,*,*,*,*
2022-23,5,61556,530014,Calaveras,Bret Harte Union High,Vallecito Continuation High,No ,Yes,Hispanic or Latino,21,19,39.8,757,11.2,88.1,0.7,0,85,667,5,0
2022-23,5,61556,530014,Calaveras,Bret Harte Union High,Vallecito Continuation High,No ,Yes,American Indian or Alaska Native,*,*,*,*,*,*,*,*,*,*,*,*
2022-23,5,61556,530014,Calaveras,Bret Harte Union High,Vallecito Continuation High,No ,Yes,Pacific Islander,*,*,*,*,*,*,*,*,*,*,*,*
2022-23,5,61556,530014,Calaveras,Bret Harte Union High,Vallecito Continuation High,No ,Yes,Two or More Races,*,*,*,*,*,*,*,*,*,*,*,*
2022-23,5,61556,530014,Calaveras,Bret Harte Union High,Vallecito Continuation High,No ,Yes,White,52,47,23.2,1091,11,87.7,1.3,0,120,957,14,0
2022-23,5,61556,530014,Calaveras,Bret Harte Union High,Vallecito Continuation High,No ,Yes,Students with Disabilities,*,*,*,*,*,*,*,*,*,*,*,*
2022-23,5,61556,530014,Calaveras,Bret Harte Union High,Vallecito Continuation High,No ,Yes,Socioeconomically Disadvantaged,38,37,36.4,1348,10.7,87.8,1.5,0,144,1184,20,0
2022-23,5,61556,530014,Calaveras,Bret Harte Union High,Vallecito Continuation High,No ,Yes,Total,80,73,30.2,2206,11.3,87.7,1,0,250,1934,22,0
2017-18,5,61564,6003446,Calaveras,Calaveras Unified,Valley Springs Elementary,No ,No ,Not Chronically Absent,446,432,7.9,3405,70.8,27.8,1.4,0,2412,947,46,0
2017-18,5,61564,6003446,Calaveras,Calaveras Unified,Valley Springs Elementary,No ,No ,Chronically Absent,95,95,21.7,2061,60.8,36.9,2.3,0,1253,760,48,0
2017-18,5,61564,6003446,Calaveras,Calaveras Unified,Valley Springs Elementary,No ,No ,Female,257,252,9.7,2448,69.4,30.6,0,0,1698,749,1,0
2017-18,5,61564,6003446,Calaveras,Calaveras Unified,Valley Springs Elementary,No ,No ,Male,284,275,11,3018,65.2,31.7,3.1,0,1967,958,93,0
2017-18,5,61564,6003446,Calaveras,Calaveras Unified,Valley Springs Elementary,No ,No ,Grades 1-3,210,203,10,2027,65.6,33,1.4,0,1330,668,29,0
2017-18,5,61564,6003446,Calaveras,Calaveras Unified,Valley Springs Elementary,No ,No ,Kindergarten,98,94,12.8,1199,68.6,31.4,0,0,822,377,0,0
2017-18,5,61564,6003446,Calaveras,Calaveras Unified,Valley Springs Elementary,No ,No ,Asian,*,*,*,*,*,*,*,*,*,*,*,*
2017-18,5,61564,6003446,Calaveras,Calaveras Unified,Valley Springs Elementary,No ,No ,African American,*,*,*,*,*,*,*,*,*,*,*,*
2017-18,5,61564,6003446,Calaveras,Calaveras Unified,Valley Springs Elementary,No ,No ,Did not Report,*,*,*,*,*,*,*,*,*,*,*,*
2017-18,5,61564,6003446,Calaveras,Calaveras Unified,Valley Springs Elementary,No ,No ,Filipino,*,*,*,*,*,*,*,*,*,*,*,*
2017-18,5,61564,6003446,Calaveras,Calaveras Unified,Valley Springs Elementary,No ,No ,Hispanic or Latino,115,111,10.7,1192,58.6,38.8,2.6,0,699,462,31,0
2017-18,5,61564,6003446,Calaveras,Calaveras Unified,Valley Springs Elementary,No ,No ,American Indian or Alaska Native,*,*,*,*,*,*,*,*,*,*,*,*
2017-18,5,61564,6003446,Calaveras,Calaveras Unified,Valley Springs Elementary,No ,No ,Pacific Islander,*,*,*,*,*,*,*,*,*,*,*,*
2017-18,5,61564,6003446,Calaveras,Calaveras Unified,Valley Springs Elementary,No ,No ,Two or More Races,41,41,10.3,424,55.7,44.3,0,0,236,188,0,0
2017-18,5,61564,6003446,Calaveras,Calaveras Unified,Valley Springs Elementary,No ,No ,White,371,361,10.2,3677,70.8,27.4,1.7,0,2605,1009,63,0
2017-18,5,61564,6003446,Calaveras,Calaveras Unified,Valley Springs Elementary,No ,No ,Students with Disabilities,91,88,11.4,1002,68.1,25.3,6.6,0,682,254,66,0
2017-18,5,61564,6003446,Calaveras,Calaveras Unified,Valley Springs Elementary,No ,No ,Socioeconomically Disadvantaged,334,323,11.1,3587,62.1,35.7,2.2,0,2229,1279,79,0
2017-18,5,61564,6003446,Calaveras,Calaveras Unified,Valley Springs Elementary,No ,No ,Total,541,527,10.4,5466,67.1,31.2,1.7,0,3665,1707,94,0
2022-23,5,61564,6003446,Calaveras,Calaveras Unified,Valley Springs Elementary,No ,No ,Not Chronically Absent,230,228,10.2,2333,71.8,27,1.2,0,1676,630,27,0
2022-23,5,61564,6003446,Calaveras,Calaveras Unified,Valley Springs Elementary,No ,No ,Chronically Absent,202,202,25.5,5151,63.6,35.7,0.7,0,3275,1841,35,0
2022-23,5,61564,6003446,Calaveras,Calaveras Unified,Valley Springs Elementary,No ,No ,Female,177,177,16.8,2982,64.7,34.7,0.5,0,1930,1036,16,0
2022-23,5,61564,6003446,Calaveras,Calaveras Unified,Valley Springs Elementary,No ,No ,Male,255,253,17.8,4502,67.1,31.9,1,0,3021,1435,46,0
2022-23,5,61564,6003446,Calaveras,Calaveras Unified,Valley Springs Elementary,No ,No ,Grades 1-3,199,199,16.5,3278,62.8,36,1.2,0,2059,1181,38,0
2022-23,5,61564,6003446,Calaveras,Calaveras Unified,Valley Springs Elementary,No ,No ,Kindergarten,97,96,23,2212,71.2,28.5,0.4,0,1574,630,8,0
2022-23,5,61564,6003446,Calaveras,Calaveras Unified,Valley Springs Elementary,No ,No ,Asian,*,*,*,*,*,*,*,*,*,*,*,*
2022-23,5,61564,6003446,Calaveras,Calaveras Unified,Valley Springs Elementary,No ,No ,African American,*,*,*,*,*,*,*,*,*,*,*,*
2022-23,5,61564,6003446,Calaveras,Calaveras Unified,Valley Springs Elementary,No ,No ,Did not Report,*,*,*,*,*,*,*,*,*,*,*,*
2022-23,5,61564,6003446,Calaveras,Calaveras Unified,Valley Springs Elementary,No ,No ,Filipino,*,*,*,*,*,*,*,*,*,*,*,*
2022-23,5,61564,6003446,Calaveras,Calaveras Unified,Valley Springs Elementary,No ,No ,Hispanic or Latino,133,133,18.5,2454,66.1,33.2,0.7,0,1621,815,18,0
2022-23,5,61564,6003446,Calaveras,Calaveras Unified,Valley Springs Elementary,No ,No ,American Indian or Alaska Native,*,*,*,*,*,*,*,*,*,*,*,*
2022-23,5,61564,6003446,Calaveras,Calaveras Unified,Valley Springs Elementary,No ,No ,Pacific Islander,*,*,*,*,*,*,*,*,*,*,*,*
2022-23,5,61564,6003446,Calaveras,Calaveras Unified,Valley Springs Elementary,No ,No ,Two or More Races,22,22,22.6,497,63.2,36.4,0.4,0,314,181,2,0
2022-23,5,61564,6003446,Calaveras,Calaveras Unified,Valley Springs Elementary,No ,No ,White,267,265,16.3,4325,66.7,32.3,1,0,2886,1397,42,0
2022-23,5,61564,6003446,Calaveras,Calaveras Unified,Valley Springs Elementary,No ,No ,Students with Disabilities,106,106,17.8,1891,66.9,32.5,0.6,0,1265,615,11,0
2022-23,5,61564,6003446,Calaveras,Calaveras Unified,Valley Springs Elementary,No ,No ,Socioeconomically Disadvantaged,232,230,18.8,4318,60.9,38.2,0.9,0,2629,1650,39,0
2022-23,5,61564,6003446,Calaveras,Calaveras Unified,Valley Springs Elementary,No ,No ,Total,432,430,17.4,7484,66.2,33,0.8,0,4951,2471,62,0
